w|1,w|1,w|1,w|1,w|1,w|1,w|1,w|1,w|1,w|1,w|1,w|1,w|1,w|1,w|1,w|1,w|1,w|1,w|1,w|1,w|1,w|1,w|1,w|1,w|1,w|1,w|1,w|1,w|1,w|1,w|1,w|1,w|1,w|1,w|1,w|1,w|1,w|1,w|1,w|1,w|1,w|1,w|1,w|1,w|1,w|1,w|1,w|1,w|1,w|1,w|1,w|1,w|1,w|1,w|1,w|1,w|1,w|1,w|1,w|1,w|1,w|1,w|1,w|1,w|1,w|1,w|1,w|1,w|1,w|1,w|1,w|1,w|1,w|1,w|1,w|1,w|1,w|1,w|1,w|1,w|1,w|1,w|1,w|1,w|1,w|1,w|1,w|1,w|1,w|1,w|1,w|1,w|1,w|1,w|1,w|1,w|1,w|1,w|1,w|1,w|1,w|1,w|1,w|1,w|1,w|1,w|1,w|1,w|1,w|1,w|1,w|1,w|1,w|1,w|1,w|1,w|1,w|1,w|1,w|1,w|1,w|1,w|1,w|1,w|1,w|1,w|1,w|1,w|1,w|1,w|1,w|1,w|1,w|1,w|1,w|1,w|1,w|1,w|1,w|1,w|1,w|1,w|1,w|1,w|1,w|1,w|1,w|1,w|1,w|1,w|1,w|1,w|1,w|1,w|1,w|1,w|1,w|1,w|1,w|1,w|1,w|1,w|1,w|1,w|1,w|1,w|1,w|1,w|1,w|1,w|1,w|1,w|1,w|1,w|1,w|1,w|1,w|1,w|1,w|1,w|1,w|1,w|1,w|1,w|1,w|1,w|1,w|1,w|1,w|1,w|1,w|1,w|1,w|1,w|1,w|1,w|1,w|1,w|1,w|1,w|1,w|1,w|1,w|1,w|1,w|1,w|1,w|1,w|1,w|1,w|1,w|1,w|1,w|1,w|1,w|1,w|1,w|1,w|1,w|1,w|1,w|1,w|1,w|1,w|1,w|1,w|1,w|1,w|1,w|1,w|1,w|1,w|1,w|1,w|1,w|1,w|1,w|1,w|1,w|1,w|1,w|1,w|1,w|1,w|1,w|1,w|1,w|1,w|1,w|1,w|1,w|1,w|1,w|1,w|1,w|1,w|1,w|1,w|1,w|1,w|1,w|1,w|1,w|1,w|1,w|1,w|1,w|1,w|1,w|1,w|1,w|1,w|1,w|1,w|1,w|1,w|1,w|1,w|1,w|1,w|1,w|1,w|1,w|1,w|1,w|1,w|1,w|1,w|1,w|1,w|1,w|1,w|1,w|1,w|1,w|1,w|1,w|1,w|1,w|1,w|1,w|1,w|1,w|1,w|1,w|1,w|1,w|1,w|1,w|1,w|1,w|1,w|1,w|1,w|1,w|1,w|1,w|1,w|1,w|1,w|1,w|1,w|1,w|1,w|1,w|1,w|1,w|1,w|1,w|1,w|1,w|1,w|1,w|1,w|1,w|1,w|1,w|1,w|1,w|1,w|1,w|1,w|1,w|1,w|1,w|1,w|1,w|1,w|1,w|1,w|1,w|1,w|1,w|1,w|1,w|1,w|1,w|1,w|1,w|1,w|1,w|1,w|1,w|1,w|1,w|1,w|1,w|1,w|1,w|1,w|1,w|1,w|1,w|1,w|1,w|1,w|1,w|1,w|1,w|1,w|1,w|1,w|1,w|1,w|1,w|1,w|1,w|1,w|1,w|1,w|1,w|1,w|1,w|1,w|1,w|1,w|1,w|1,w|1,w|1,w|1,w|1
w|1,,,,,,,,,,,,,,,,,,,,,,,,,,,,,,,,,,,,,,,,,,,,,,,,,,,,,,,,,,,,,,,,,,,,,,,,,,,,,,,,,,,,,,,,,,,,,,,,,,,,,,,,,,,,,,,,,,,,,,,,,,,,,,,,,,,,,,,,,,,,,,,,,,,,,,,,,,,,,,,,,,,,,,,,,,,,,,,,,,,,,,,,,,,,,,,,,,,,,,,,w|1,w|1,w|1,w|1,w|1,w|1,w|1,w|1,w|1,w|1,w|1,,,,,,,,,,,,,,,,,,,,,,,,,,,,,,,,,,,,,,,,,,,,,,,,,,,,,,,,,,,,,,,,,,,,,,,,,,,,,,,,,,,,,,,,,,,,,,,,,,,,,,,,,,,,,,,,,,,,,,,,,,,,,,,,,,,,,,,,,,,,,,,,,,,,,,,,,,,,,,,,,,,,,,,,,,,,,,,,,,,,,,,,,,,,,,,w|1
w|1,,,,,,,,,,,,,,,,,,,,,,,,,,,,,,,,,,,,,,,,,,,,,,,,,,,,,,,,,,,,,,,,,,,,,,,,,,,,,,,,,,,,,,,,,,,,,,,,,,,,,,,,,,,,,,,,,,,,,,,,,,,,,,,,,,,,,,,,,,,,,,,,,,,,,,,,,,,,,,,,,,,,,,,,,,,,,,,,,,,,,,,,,,,,,,,,,,,,,,,,w|1,w|1,w|1,w|1,w|1,w|1,w|1,w|1,w|1,w|1,w|1,,,,,,,,,,,,,,,,,,,,,,,,,,,,,,,,,,,,,,,,,,,,,,,,,,,,,,,,,,,,,,,,,,,,,,,,,,,,,,,,,,,,,,,,,,,,,,,,,,,,,,,,,,,,,,,,,,,,,,,,,,,,,,,,,,,,,,,,,,,,,,,,,,,,,,,,,,,,,,,,,,,,,,,,,,,,,,,,,,,,,,,,,,,,,,,w|1
w|1,,,,,,,,,,,,,,,,,,,,,,,,,,,,,,,,,,,,,,,,,,,,,,,,,,,,,,,,,,,,,,,,,,,,,,,,,,,,,,,,,,,,,,,,,,,,,,,,,,,,,,,,,,,,,,,,,,,,,,,,,,,,,,,,,,,,,,,,,,,,,,,,,,,,,,,,,,,,,,,,,,,,,,,,,,,,,,,,,,,,,,,,,,,,,,,,,,,,,,,,w|1,w|1,w|1,w|1,w|1,w|1,w|1,w|1,w|1,w|1,w|1,,,,,,,,,,,,,,,,,,,,,,,,,,,,,,,,,,,,,,,,,,,,,,,,,,,,,,,,,,,,,,,,,,,,,,,,,,,,,,,,,,,,,,,,,,,,,,,,,,,,,,,,,,,,,,,,,,,,,,,,,,,,,,,,,,,,,,,,,,,,,,,,,,,,,,,,,,,,,,,,,,,,,,,,,,,,,,,,,,,,,,,,,,,,,,,w|1
w|1,,,,,,,,,,,,,,,,,,,,,,,,,,,,,,,,,,,,,,,,,,,,,,,,,,,,,,,,,,,,,,,,,,,,,,,,,,,,,,,,,,,,,,,,,,,,,,,,,,,,,,,,,,,,,,,,,,,,,,,,,,,,,,,,,,,,,,,,,,,,,,,,,,,,,,,,,,,,,,,,,,,,,,,,,,,,,,,,,,,,,,,,,,,,,,,,,,,,,,,,w|1,w|1,w|1,w|1,w|1,w|1,w|1,w|1,w|1,w|1,w|1,,,,,,,,,,,,,,,,,,,,,,,,,,,,,,,,,,,,,,,,,,,,,,,,,,,,,,,,,,,,,,,,,,,,,,,,,,,,,,,,,,,,,,,,,,,,,,,,,,,,,,,,,,,,,,,,,,,,,,,,,,,,,,,,,,,,,,,,,,,,,,,,,,,,,,,,,,,,,,,,,,,,,,,,,,,,,,,,,,,,,,,,,,,,,,,w|1
w|1,,,,,,,,,,,,,,,,,,,,,,,,,,,,,,,,,,,,,,,,,,,,,,,,,,,,,,,,,,,,,,,,,,,,,,,,,,,,,,,,,,,,,,,,,,,,,,,,,,,,,,,,,,,,,,,,,,,,,,,,,,,,,,,,,,,,,,,,,,,,,,,,,,,,,,,,,,,,,,,,,,,,,,,,,,,,,,,,,,,,,,,,,,,,,,,,,,,,,,,,w|1,w|1,w|1,w|1,w|1,w|1,w|1,w|1,w|1,w|1,w|1,,,,,,,,,,,,,,,,,,,,,,,,,,,,,,,,,,,,,,,,,,,,,,,,,,,,,,,,,,,,,,,,,,,,,,,,,,,,,,,,,,,,,,,,,,,,,,,,,,,,,,,,,,,,,,,,,,,,,,,,,,,,,,,,,,,,,,,,,,,,,,,,,,,,,,,,,,,,,,,,,,,,,,,,,,,,,,,,,,,,,,,,,,,,,,,w|1
w|1,,,,,,,,,,,,,,,,,,,,,,,,,,,,,,,,,,,,,,,,,,,,,,,,,,,,,,,,,,,,,,,,,,,,,,,,,,,,,,,,,,,,,,,,,,,,,,,,,,,,,,,,,,,,,,,,,,,,,,,,,,,,,,,,,,,,,,,,,,,,,,,,,,,,,,,,,,,,,,,,,,,,,,,,,,,,,,,,,,,,,,,,,,,,,,,,,,,,,,,,w|1,w|1,w|1,w|1,w|1,w|1,w|1,w|1,w|1,w|1,w|1,,,,,,,,,,,,,,,,,,,,,,,,,,,,,,,,,,,,,,,,,,,,,,,,,,,,,,,,,,,,,,,,,,,,,,,,,,,,,,,,,,,,,,,,,,,,,,,,,,,,,,,,,,,,,,,,,,,,,,,,,,,,,,,,,,,,,,,,,,,,,,,,,,,,,,,,,,,,,,,,,,,,,,,,,,,,,,,,,,,,,,,,,,,,,,,w|1
w|1,,,,,,,,,,,,,,,,,,,,,,,,,,,,,,,,,,,,,,,,,,,,,,,,,,,,,,,,,,,,,,,,,,,,,,,,,,,,,,,,,,,,,,,,,,,,,,,,,,,,,,,,,,,,,,,,,,,,,,,,,,,,,,,,,,,,,,,,,,,,,,,,,,,,,,,,,,,,,,,,,,,,,,,,,,,,,,,,,,,,,,,,,,,,,,,,,,,,,,,,w|1,w|1,w|1,w|1,w|1,w|1,w|1,w|1,w|1,w|1,w|1,,,,,,,,,,,,,,,,,,,,,,,,,,,,,,,,,,,,,,,,,,,,,,,,,,,,,,,,,,,,,,,,,,,,,,,,,,,,,,,,,,,,,,,,,,,,,,,,,,,,,,,,,,,,,,,,,,,,,,,,,,,,,,,,,,,,,,,,,,,,,,,,,,,,,,,,,,,,,,,,,,,,,,,,,,,,,,,,,,,,,,,,,,,,,,,w|1
w|1,,,,,,,,,,,,,,,,,,,,,,,,,,,,,,,,,,,,,,,,,,,,,,,,,,,,,,,,,,,,,,,,,,,,,,,,,,,,,,,,,,,,,,,,,,,,,,,,,,,,,,,,,,,,,,,,,,,,,,,,,,,,,,,,,,,,,,,,,,,,,,,,,,,,,,,,,,,,,,,,,,,,,,,,,,,,,,,,,,,,,,,,,,,,,,,,,,,,,,,,w|1,w|1,w|1,w|1,w|1,w|1,w|1,w|1,w|1,w|1,w|1,,,,,,,,,,,,,,,,,,,,,,,,,,,,,,,,,,,,,,,,,,,,,,,,,,,,,,,,,,,,,,,,,,,,,,,,,,,,,,,,,,,,,,,,,,,,,,,,,,,,,,,,,,,,,,,,,,,,,,,,,,,,,,,,,,,,,,,,,,,,,,,,,,,,,,,,,,,,,,,,,,,,,,,,,,,,,,,,,,,,,,,,,,,,,,,w|1
w|1,,,,,,,,,,,,,,,,,,,,,,,,,,,,,,,,,,,,,,,,,,,,,,,,,,,,,,,,,,,,,,,,,,,,,,,,,,,,,,,,,,,,,,,,,,,,,,,,,,,,,,,,,,,,,,,,,,,,,,,,,,,,,,,,,,,,,,,,,,,,,,,,,,,,,,,,,,,,,,,,,,,,,,,,,,,,,,,,,,,,,,,,,,,,,,,,,,,,,,,,w|1,w|1,w|1,w|1,w|1,w|1,w|1,w|1,w|1,w|1,w|1,,,,,,,,,,,,,,,,,,,,,,,,,,,,,,,,,,,,,,,,,,,,,,,,,,,,,,,,,,,,,,,,,,,,,,,,,,,,,,,,,,,,,,,,,,,,,,,,,,,,,,,,,,,,,,,,,,,,,,,,,,,,,,,,,,,,,,,,,,,,,,,,,,,,,,,,,,,,,,,,,,,,,,,,,,,,,,,,,,,,,,,,,,,,,,,w|1
w|1,,,,,,,,,,,,,,,,,,,,,,,,,,,,,,,,,,,,,,,,,,,,,,,,,,,,,,,,,,,,,,,,,,,,,,,,,,,,,,,,,,,,,,,,,,,,,,,,,,,,,,,,,,,,,,,,,,,,,,,,,,,,,,,,,,,,,,,,,,,,,,,,,,,,,,,,,,,,,,,,,,,,,,,,,,,,,,,,,,,,,,,,,,,,,,,,,,,,,,,,w|1,w|1,w|1,w|1,w|1,w|1,w|1,w|1,w|1,w|1,w|1,,,,,,,,,,,,,,,,,,,,,,,,,,,,,,,,,,,,,,,,,,,,,,,,,,,,,,,,,,,,,,,,,,,,,,,,,,,,,,,,,,,,,,,,,,,,,,,,,,,,,,,,,,,,,,,,,,,,,,,,,,,,,,,,,,,,,,,,,,,,,,,,,,,,,,,,,,,,,,,,,,,,,,,,,,,,,,,,,,,,,,,,,,,,,,,w|1
w|1,,,,,,,,,,,,,,,,,,,,,,,,,,,,,,,,,,,,,,,,,,,,,,,,,,,,,,,,,,,,,,,,,,,,,,,,,,,,,,,,,,,,,,,,,,,,,,,,,,,,,,,,,,,,,,,,,,,,,,,,,,,,,,,,,,,,,,,,,,,,,,,,,,,,,,,,,,,,,,,,,,,,,,,,,,,,,,,,,,,,,,,,,,,,,,,,,,,,,,,,w|1,w|1,w|1,w|1,w|1,w|1,w|1,w|1,w|1,w|1,w|1,,,,,,,,,,,,,,,,,,,,,,,,,,,,,,,,,,,,,,,,,,,,,,,,,,,,,,,,,,,,,,,,,,,,,,,,,,,,,,,,,,,,,,,,,,,,,,,,,,,,,,,,,,,,,,,,,,,,,,,,,,,,,,,,,,,,,,,,,,,,,,,,,,,,,,,,,,,,,,,,,,,,,,,,,,,,,,,,,,,,,,,,,,,,,,,w|1
w|1,,,,,,,,,,,,,,,,,,,,,,,,letter|Проделай дыру и скидывай туда противников.,,,,,,,,,,,,,,,,,,,,,,,,,,,,,,,,,,,,,,,,,,,,,,,,,,,,,,,,,,,,,,,,,,,,,,,,,,,,,,,,,,,,,,,,,,,,,,,,,,,,,,,,,,,,,,,,,,,,,,,,,,,,,,,,,,,,,,,,,,,,,,,,,,,,,,,,,,,,,,,,,,,,,,,,,,,,,,,,w|1,w|1,w|1,w|1,w|1,w|1,w|1,w|1,w|1,w|1,w|1,,,,,,,,,,,,,,,,,,,,,,,,,,,,,,,,,,,,,,,,,,,,,,,,,,,,,,,,,,,,,,,,,,,,,,,,,,,,,,,,,,,,,,,,,,,,,,,,,,,,,,,,,,,,,,,,,,,,,,,,,,,,,,,,,,,,,,,,,,,,,,,,,,,,,,,,,,,,,,,,,,,,,,,,,,,,,,,,,,,,,,,,,,,,,,,w|1
w|1,,,,,,,,,,,,,,,,,,,,,,,,,,,,,,,,,,,,,,,,,,,,,,,,,,,,,,,,,,,,,,,,,,,,,,,,,,,,,,,,,,,,,,,,,,,,,,,,,,,,,,,,,,,,,,,,,,,,,,,,,,,,,,,,,,,,,,,,,,,,,,,,,,,,,,,,,,,,,,,,,,,,,,,,,,,,,,,,,,,,,,,,,,,,,,,,,,,,,,,,w|1,w|1,w|1,w|1,w|1,w|1,w|1,w|1,w|1,w|1,w|1,,,,,,,,,,,,,,,,,,,,,,,,,,,,,,,,,,,,,,,,,,,,,,,,,,,,,,,,,,,,,,,,,,,,,,,,,,,,,,,,,,,,,,,,,,,,,,,,,,,,,,,,,,,,,,,,,,,,,,,,,,,,,,,,,,,,,,,,,,,,,,,,,,,,,,,,,,,,,,,,,,,,,,,,,,,,,,,,,,,,,,,,,,,,,,,w|1
w|1,,,,,,,,,,,,,,,,,,,,,,,,,,,,,,,,,,,,,,,,,,,,,,,,,,,,,,,,,,,,,,,,,,,,,,,,,,,,,,,,,,,,,,,,,,,,,,,,,,,,,,,,,,,,,,,,,,,,,,,,,,,,,,,,,,,,,,,,,,,,,,,,,,,,,,,,,,,,,,,,,,,,,,,,,,,,,,,,,,,,,,,,,,,,,,,,,,,,,,,,w|1,w|1,w|1,w|1,w|1,w|1,w|1,w|1,w|1,w|1,w|1,,,,,,,,,,,,,,,,,,,,,,,,,,,,,,,,,,,,,,,,,,,,,,,,,,,,,,,,,,,,,,,,,,,,,,,,,,,,,,,,,,,,,,,,,,,,,,,,,,,,,,,,,,,,,,,,,,,,,,,,,,,,,,,,,,,,,,,,,,,,,,,,,,,,,,,,,,,,,,,,,,,,,,,,,,,,,,,,,,,,,,,,,,,,,,,w|1
w|1,,,,,,,,,,,,,,,,,,,,,,,,,,,,,,,,,,,,,,,,,,,,,,,,,,,,,,,,,,,,,,,,,,,,,,,,,,,,,,,,,,,,,,,,,,,,,,,,,,,,,,,,,,,,,,,,,,,,,,,,,,,,,,,,,,,,,,,,,,,,,,,,,,,,,,,,,,,,,,,,,,,,,,,,,,,,,,,,,,,,,,,,,,,,,,,,,,,,,,,,w|1,w|1,w|1,w|1,w|1,w|1,w|1,w|1,w|1,w|1,w|1,,,,,,,,,,,,,,,,,,,,,,,,,,,,,,,,,,,,,,,,,,,,,,,,,,,,,,,,,,,,,,,,,,,,,,,,,,,,,,,,,,,,,,,,,,,,,,,,,,,,,,,,,,,,,,,,,,,,,,,,,,,,,,,,,,,,,,,,,,,,,,,,,,,,,,,,,,,,,,,,,,,,,,,,,,,,,,,,,,,,,,,,,,,,,,,w|1
w|1,,,,,,,,,,,,,,,,,,,,,,,,,,,,,,,,,,,,,,,,,,,,,,,,,,,,,,,,,,,,,,,,,,,,,,,,,,,,,,,,,,,,,,,,,,,,,,,,,,,,,,,,,,,,,,,,,,,,,,,,,,,,,,,,,,,,,,,,,,,,,,,,,,,,,,,,,,,,,,,,,,,,,,,,,,,,,,,,,,,,,,,,,,,,,,,,,,,,,,,,w|1,w|1,w|1,w|1,w|1,w|1,w|1,w|1,w|1,w|1,w|1,,,,,,,,,,,,,,,,,,,,,,,,,,,,,,,,,,,,,,,,,,,,,,,,,,,,,,,,,,,,,,,,,,,,,,,,,,,,,,,,,,,,,,,,,,,,,,,,,,,,,,,,,,,,,,,,,,,,,,,,,,,,,,,,,,,,,,,,,,,,,,,,,,,,,,,,,,,,,,,,,,,,,,,,,,,,,,,,,,,,,,,,,,,,,,,w|1
w|1,,,,,,,,,,,,,,,,,,,,,,,,,,,,,,,,,,,,,,,,,,,,,,,,,,,,,,,,,,,,,,,,,,,,,,,,,,,,,,,,,,,,,,,,,,,,,,,,,,,,,,,,,,,,,,,,,,,,,,,,,,,,,,,,,,,,,,,,,,,,,,,,,,,,,,,,,,,,,,,,,,,,,,,,,,,,,,,,,,,,,,,,,,,,,,,,,,,,,,,,,,,,,,,,,,,,,,,,,,,,,,,,,,,,,,,,,,,,,,,,,,,,,,,,,,,,,,,,,,,,,,,,,,,,,,,,,,,,,,,,,,,,,,,,,,,,,,,,,,,,,,,,,,,,,,,,,,,,,,,,,,,,,,,,,,,,,,,,,,,,,,,,,,,,,,,,,,,,,,,,,,,,,,,,,,,,,,,,,,,,,,,,,,,,,,,,,,,,,,,,,w|1
w|1,,,,,,,,,,,,,,,,,,,,,,,,,,,,,,,,,,,,,,,,,,,,,,,,,,,,,,,,,,,,,,,,,,,,,,,,,,,,,,,,,,,,,,,,,,,,,,,,,,,,,,,,,,,,,,,,,,,,,,,,,,,,,,,,,,,,,,,,,,,,,,,,,,,,,,,,,,,,,,,,,,,,,,,,,,,,,,,,,,,,,,,,,,,,,,,,,,,,,,,,,,,,,,,,,,,,,,,,,,,,,,,,,,,,,,,,,,,,,,,,,,,,,,,,,,,,,,,,,,,,,,,,,,,,,,,,,,,,,,,,,,,,,,,,,,,,,,,,,,,,,,,,,,,,,,,,,,,,,,,,,,,,,,,,,,,,,,,,,,,,,,,,,,,,,,,,,,,,,,,,,,,,,,,,,,,,,,,,,,,,,,,,,,,,,,,,,,,,,,,,,w|1
w|1,,,,,,,,,,,,,,,,,,,,,,,,,,,,,,,enemy|troll,,,,,,,,,,,,,enemy|troll,,,,,,,,,,,,,enemy|troll,,,,,,,,,,,,,,,,,,enemy|troll,,,,,,,,,,,,,,,,,enemy|troll,,,,,,,,,,,,,,,,,,,,,,enemy|troll,,,,,,,,,,,,,,,,,,,,,,,enemy|troll,,,,,,,,,,,,,,,,,,,,,,,,,,enemy|troll,,,,,,,,,,,,,,,,,,,,,,,enemy|troll,,,,,,,,,,,,,,,,,,,,,,,,,,,,,,,,,,,,,,,w|1,,,,,,,,w|1,,,,,,,,,,,,,,,,,,,,,,,,,,,,,,,,,,,,,,,,,,,,,,,,,,,,,,,,,,,,,,,,,,,,,,,,,,,,,,,,,,,,,,,,,,,,,,,,,,,,,,,,,,,,,,,,,,,,,,,,,,,,,,,,,,,,,,,,,,,,,,,,,,,,,,,,,,,,,,,,,,,,,,,,w|1
w|1,,,,,,,,,,,,,,,,,,,,,backside|willow2,,,,,,backside|bush9,,,,,,,,enemy|random,,,enemy|dinosaur,,,,,,,,,,enemy|random,,,,enemy|dinosaur,,,,,,,,,backside|pointer1,,,,enemy|random,,,enemy|random,,,,backside|grass1,,,,,,,,enemy|random,,,,,enemy|dinosaur,,,,,,,,,,,,,,enemy|random,,,,,enemy|dinosaur,,,,,,,enemy|random,,,,,,backside|bush1,,,,enemy|random,,,,,,enemy|dinosaur,,,,,,enemy|random,,,,,,,backside|willow1,,,,enemy|random,,,,,,enemy|random,,,,enemy|dinosaur,,,,,backside|bush2,,,,,,,,chest|1,,,,,,enemy|random,,,,,,,enemy|random,,,,,,,,,,,,,,,,,,,,,,,,,,,,,,,,,,,,,,,,,,,,,w|1,,,,,,,,w|1,,,,,,,,,,,,,,,,,,,,,,,,,,,,,,,,,,,,,,,,,,,,,,,,,,,,,,,,,,,,,,,,,,,,,,,,,,,,,,,,,,,,,,,,,,,,,,,,,,,,,,,,,,,,,,,,,,,,,,,,,,,,,,,,,,,,,,,,,,,,,,,,,,,,,,,,,,,,,,,,,,,,,,,,w|1
w|1,,,,,,,,,,,,,,,,,,,w|1,w|1,w|1,w|1,w|1,w|1,w|1,w|1,w|1,w|1,w|1,w|1,w|1,w|1,w|1,w|1,w|1,w|1,w|1,w|1,w|1,w|1,w|1,w|1,w|1,w|1,w|1,w|1,w|1,w|1,w|1,w|1,w|1,w|1,w|1,w|1,w|1,w|1,w|1,w|1,w|1,w|1,w|1,w|1,w|1,w|1,w|1,w|1,w|1,w|1,w|1,w|1,w|1,w|1,w|1,w|1,w|1,w|1,w|1,w|1,w|1,w|1,w|1,w|1,w|1,w|1,w|1,w|1,w|1,w|1,w|1,w|1,w|1,w|1,w|1,w|1,w|1,w|1,w|1,w|1,w|1,w|1,w|1,w|1,w|1,w|1,w|1,w|1,w|1,w|1,w|1,w|1,w|1,w|1,w|1,w|1,w|1,w|1,w|1,w|1,w|1,w|1,w|1,w|1,w|1,w|1,w|1,w|1,w|1,w|1,w|1,w|1,w|1,w|1,w|1,w|1,w|1,w|1,w|1,w|1,w|1,w|1,w|1,w|1,w|1,w|1,w|1,w|1,w|1,w|1,w|1,w|1,w|1,w|1,w|1,w|1,w|1,w|1,w|1,w|1,w|1,w|1,w|1,w|1,w|1,w|1,w|1,w|1,w|1,w|1,w|1,w|1,w|1,w|1,w|1,w|1,w|1,w|1,w|1,w|1,w|1,w|1,w|1,w|1,w|1,w|1,w|1,w|1,w|1,w|1,w|1,w|1,w|1,w|1,w|1,w|1,w|1,w|1,w|1,w|1,w|1,w|1,w|1,w|1,w|1,w|1,w|1,w|1,w|1,w|1,w|1,w|1,,,,,,,,,,,,w|1,,,w|1,,,,,,,,w|1,,,,,,,,,,,,,,,,,,,,,,,,,,,,,,,,,,,,,,,,,,,,,,,,,,,,,,,,,,,,,,,,,,,,,,,,,,,,,,,,,,,,,,,,,,,,,,,,,,,,,,,,,,,,,,,,,,,,,,,,,,,,,,,,,,,,,,,,,,,,,,,,,,,,,,,,,,,,,,,,,,,,,,,,w|1
w|1,,,,,,,,,,,,,,,,,,,w|1,w|1,w|1,w|1,w|1,w|1,w|1,w|1,w|1,w|1,w|1,w|1,w|1,w|1,w|1,w|1,w|1,w|1,w|1,w|1,w|1,w|1,w|1,w|1,w|1,w|1,w|1,w|1,w|1,w|1,w|1,w|1,w|1,w|1,w|1,w|1,w|1,w|1,w|1,w|1,w|1,w|1,w|1,w|1,w|1,w|1,w|1,w|1,w|1,w|1,w|1,w|1,w|1,w|1,w|1,w|1,w|1,w|1,w|1,w|1,w|1,w|1,w|1,w|1,w|1,w|1,w|1,w|1,w|1,w|1,w|1,w|1,w|1,w|1,w|1,w|1,w|1,w|1,w|1,w|1,w|1,w|1,w|1,w|1,w|1,w|1,w|1,w|1,w|1,w|1,w|1,w|1,w|1,w|1,w|1,w|1,w|1,w|1,w|1,w|1,w|1,w|1,w|1,w|1,w|1,w|1,w|1,w|1,w|1,w|1,w|1,w|1,w|1,w|1,w|1,w|1,w|1,w|1,w|1,w|1,w|1,w|1,w|1,w|1,w|1,w|1,w|1,w|1,w|1,w|1,w|1,w|1,w|1,w|1,w|1,w|1,w|1,w|1,w|1,w|1,w|1,w|1,w|1,w|1,w|1,w|1,w|1,w|1,w|1,w|1,w|1,w|1,w|1,w|1,w|1,w|1,w|1,w|1,w|1,w|1,w|1,w|1,w|1,w|1,w|1,w|1,w|1,w|1,w|1,w|1,w|1,w|1,w|1,w|1,w|1,w|1,w|1,w|1,w|1,w|1,w|1,w|1,w|1,w|1,w|1,w|1,w|1,w|1,w|1,w|1,w|1,w|1,,,,,,w|1,w|1,,,,,w|1,,,w|1,,,,,,,,w|1,,,,,,,,,,,,,,,,,,,,,,,,,,,,,,,,,,,,,,,,,,,,,,,,,,,,,,,,,,,,,,,,,,,,,,,,,,,,,,,,,,,,,,,,,,,,,,,,,,,,,,,,,,,,,,,,,,,,,,,,,,,,,,,,,,,,,,,,,,,,,,,,,,,,,,,,,,,,,,,,,,,,,,,,w|1
w|1,,,,,,,,,,,,,,,,,,w|1,w|1,w|1,,,,,,,,,,,,,,,,,,,,,,,,,,,,,,,,,,,,,,,,,,,,,,,,,,,,,,,,,,,,,,,,,,,,,,,,,,,,,,,,,,,,,,,,,,,,,,,,,,,,,,,,,,,,,,,,,,,,,,,,,,,,,,,,,,,,,,,,,,,,,,,,,,,,,,,,,,,,,,,,,,,,,,,,,,,,,,,,,,,,w|1,w|1,w|1,w|1,w|1,w|1,w|1,w|1,w|1,w|1,w|1,,,,,,w|1,w|1,,,,,w|1,,,w|1,,,,,,,,w|1,,,,,,,,,,,,,,,,,,,,,,,,,,,,,,,,,,,,,,,,,,,,,,,,,,,,,,,,,,,,,,,,,,,,,,,,,,,,,,,,,,,,,,,,,,,,,,,,,,,,,,,,,,,,,,,,,,,,,,,,,,,,,,,,,,,,,,,,,,,,,,,,,,,,,,,,,,,,,,,,,,,,,,,,w|1
w|1,,,,,,,,,,,,,,,,,,w|1,w|1,w|1,,,,,,,,,,,,,,,,,,,,,,,,,,,,,,,,,,,,,,,,,,,,,,,,,,,,,,,,,,,,,,,,,,,,,,,,,,,,,,,,,,,,,,,,,,,,,,,,,,,,,,,,,,,,,,,,,,,,,,,,,,,,,,,,,,,,,,,,,,,,,,,,,,,,,,,,,,,,,,,,,,,,,,,,,,,,,,,,,,,,w|1,w|1,w|1,w|1,w|1,w|1,w|1,w|1,w|1,w|1,w|1,,,,,,w|1,w|1,,,,,w|1,,,w|1,,,,,,,,w|1,,,,,,,,,,,,,,,,,,,,,,,,,,,,,,,,,,,,,,,,,,,,,,,,,,,,,,,,,,,,,,,,,,,,,,,,,,,,,,,,,,,,,,,,,,,,,,,,,,,,,,,,,,,,,,,,,,,,,,,,,,,,,,,,,,,,,,,,,,,,,,,,,,,,,,,,,,,,,,,,,,,,,,,,w|1
w|1,,,,,,,,,,,,,,,,,w|1,w|1,w|1,w|1,,,,,,,,,,,,,,,,,,,,,,,,,,,,,,,,,,,,,,,,,,,,,,,,,,,,,,,,,,,,,,,,,,,,,,,,,,,,,,,,,,,,,,,,,,,,,,,,,,,,,,,,,,,,,,,,,,,,,,,,,,,,,,,,,,,,,,,,,,,,,,,,,,,,,,,,,,,,,,,,,,,,,,,,,,,,,,,,,,,,w|1,w|1,w|1,w|1,w|1,w|1,w|1,w|1,w|1,w|1,w|1,,,,,,w|1,w|1,,,,,w|1,,,w|1,,,,,,,,w|1,,,,,,,,,,,,,,,,,,,,,,,,,,,,,,,,,,,,,,,,,,,,,,,,,,,,,,,,,,,,,,,,,,,,,,,,,,,,,,,,,,,,,,,,,,,,,,,,,,,,,,,,,,,,,,,,,,,,,,,,,,,,,,,,,,,,,,,,,,,,,,,,,,,,,,,,,,,,,,,,,,,,,,,,w|1
w|1,,,,,,,,,,,,,,,,,w|1,w|1,w|1,w|1,,,,,,,,,,,,,,,,,,,,,,,,,,,,,,,,,,,,,,,,,,,,,,,,,,,,,,,,,,,,,,,,,,,,,,,,,,,,,,,,,,,,,,,,,,,,,,,,,,,,,,,,,,,,,,,,,,,,,,,,,,,,,,,,,,,,,,,,,,,,,,,,,,,,,,,,,,,,,,,,,,,,,,,,,,,,,,,,,,,,w|1,w|1,w|1,w|1,w|1,w|1,w|1,w|1,w|1,w|1,w|1,,,,,,w|1,w|1,,,,,w|1,,,w|1,,,,,,,,w|1,,,,,,,,,,,,,,,,,,,,,,,,,,,,,,,,,,,,,,,,,,,,,,,,,,,,,,,,,,,,,,,,,,,,,,,,,,,,,,,,,,,,,,,,,,,,,,,,,,,,,,,,,,,,,,,,,,,,,,,,,,,,,,,,,,,,,,,,,,,,,,,,,,,,,,,,,,,,,,,,,,,,,,,,w|1
w|1,,,,,,,,,,,,,,,,w|1,w|1,w|1,w|1,w|1,,,,,,,,,,,,,,,,,,,,,,,,,,,,,,,,,,,,,,,,,,,,,,,,,,,,,,,,,,,,,,,,,,,,,,,,,,,,,,,,,,,,,,,,,,,,,,,,,,,,,,,,,,,,,,,,,,,,,,,,,,,,,,,,,,,,,,,,,,,,,,,,,,,,,,,,,,,,,,,,,,,,,,,,,,,,,,,,,,,,w|1,w|1,w|1,w|1,w|1,w|1,w|1,w|1,w|1,w|1,w|1,,,,,,w|1,w|1,,,,,w|1,,,w|1,,,,,,,,w|1,,,,,,,,,,,,,,,,,,,,,,,,,,,,,,,,,,,,,,,,,,,,,,,,,,,,,,,,,,,,,,,,,,,,,,,,,,,,,,,,,,,,,,,,,,,,,,,,,,,,,,,,,,,,,,,,,,,,,,,,,,,,,,,,,,,,,,,,,,,,,,,,,,,,,,,,,,,,,,,,,,,,,,,,w|1
w|1,,,,,,,,,,,,,,,,w|1,w|1,w|1,w|1,w|1,,,,,,,,,,,,,,,,,,,,,,,,,,,,,,,,,,,,,,,,,,,,,,,,,,,,,,,,,,,,,,,,,,,,,,,,,,,,,,,,,,,,,,,,,,,,,,,,,,,,,,,,,,,,,,,,,,,,,,,,,,,,,,,,,,,,,,,,,,,,,,,,,,,,,,,,,,,,,,,,,,,,,,,,,,,,,,,,,,,,w|1,w|1,w|1,w|1,w|1,w|1,w|1,w|1,w|1,w|1,w|1,stakes|1,stakes|1,stakes|1,stakes|1,stakes|1,w|1,w|1,stakes|1,stakes|1,stakes|1,stakes|1,w|1,stakes|1,stakes|1,w|1,stakes|1,stakes|1,stakes|1,stakes|1,stakes|1,stakes|1,stakes|1,w|1,stakes|1,stakes|1,stakes|1,stakes|1,stakes|1,stakes|1,stakes|1,stakes|1,stakes|1,stakes|1,stakes|1,stakes|1,stakes|1,stakes|1,stakes|1,stakes|1,stakes|1,stakes|1,stakes|1,stakes|1,stakes|1,stakes|1,stakes|1,stakes|1,stakes|1,stakes|1,stakes|1,stakes|1,stakes|1,stakes|1,stakes|1,stakes|1,stakes|1,stakes|1,stakes|1,stakes|1,stakes|1,stakes|1,stakes|1,stakes|1,stakes|1,stakes|1,stakes|1,stakes|1,stakes|1,stakes|1,stakes|1,stakes|1,stakes|1,stakes|1,stakes|1,stakes|1,stakes|1,stakes|1,stakes|1,stakes|1,stakes|1,stakes|1,stakes|1,stakes|1,stakes|1,stakes|1,stakes|1,stakes|1,stakes|1,stakes|1,stakes|1,stakes|1,stakes|1,stakes|1,stakes|1,stakes|1,stakes|1,stakes|1,stakes|1,stakes|1,stakes|1,stakes|1,stakes|1,stakes|1,stakes|1,stakes|1,stakes|1,stakes|1,stakes|1,stakes|1,stakes|1,stakes|1,stakes|1,stakes|1,stakes|1,stakes|1,stakes|1,stakes|1,stakes|1,stakes|1,stakes|1,stakes|1,stakes|1,stakes|1,stakes|1,stakes|1,stakes|1,stakes|1,stakes|1,stakes|1,stakes|1,stakes|1,stakes|1,stakes|1,stakes|1,stakes|1,stakes|1,stakes|1,stakes|1,stakes|1,stakes|1,stakes|1,stakes|1,stakes|1,stakes|1,stakes|1,stakes|1,stakes|1,stakes|1,stakes|1,stakes|1,stakes|1,stakes|1,stakes|1,stakes|1,stakes|1,stakes|1,stakes|1,stakes|1,stakes|1,stakes|1,stakes|1,stakes|1,stakes|1,stakes|1,stakes|1,stakes|1,stakes|1,stakes|1,stakes|1,stakes|1,stakes|1,stakes|1,stakes|1,stakes|1,stakes|1,stakes|1,stakes|1,stakes|1,stakes|1,stakes|1,stakes|1,stakes|1,stakes|1,stakes|1,stakes|1,stakes|1,stakes|1,stakes|1,stakes|1,stakes|1,w|1
w|1,,,,,,,,,,,,,,,w|1,w|1,w|1,w|1,w|1,w|1,,,,,,,,,,,,,,,,,,,,,,,,,,,,,,,,,,,,,,,,,,,,,,,,,,,,,,,,,,,,,,,,,,,,,,,,,,,,,,,,,,,,,,,,,,,,,,,,,,,,,,,,,,,,,,,,,,,,,,,,,,,,,,,,,,,,,,,,,,,,,,,,,,,,,,,,,,,,,,,,,,,,,,,,,,,,,,,,,,,,w|1,w|1,w|1,w|1,w|1,w|1,w|1,w|1,w|1,w|1,w|1,w|1,w|1,w|1,w|1,w|1,w|1,w|1,w|1,w|1,w|1,w|1,w|1,w|1,w|1,w|1,w|1,w|1,w|1,w|1,w|1,w|1,w|1,w|1,w|1,w|1,w|1,w|1,w|1,w|1,w|1,w|1,w|1,w|1,w|1,w|1,w|1,w|1,w|1,w|1,w|1,w|1,w|1,w|1,w|1,w|1,w|1,w|1,w|1,w|1,w|1,w|1,w|1,w|1,w|1,w|1,w|1,w|1,w|1,w|1,w|1,w|1,w|1,w|1,w|1,w|1,w|1,w|1,w|1,w|1,w|1,w|1,w|1,w|1,w|1,w|1,w|1,w|1,w|1,w|1,w|1,w|1,w|1,w|1,w|1,w|1,w|1,w|1,w|1,w|1,w|1,w|1,w|1,w|1,w|1,w|1,w|1,w|1,w|1,w|1,w|1,w|1,w|1,w|1,w|1,w|1,w|1,w|1,w|1,w|1,w|1,w|1,w|1,w|1,w|1,w|1,w|1,w|1,w|1,w|1,w|1,w|1,w|1,w|1,w|1,w|1,w|1,w|1,w|1,w|1,w|1,w|1,w|1,w|1,w|1,w|1,w|1,w|1,w|1,w|1,w|1,w|1,w|1,w|1,w|1,w|1,w|1,w|1,w|1,w|1,w|1,w|1,w|1,w|1,w|1,w|1,w|1,w|1,w|1,w|1,w|1,w|1,w|1,w|1,w|1,w|1,w|1,w|1,w|1,w|1,w|1,w|1,w|1,w|1,w|1,w|1,w|1,w|1,w|1,w|1,w|1,w|1,w|1,w|1,w|1,w|1,w|1,w|1,w|1,w|1,w|1,w|1
w|1,,,,,,,,,,,,,,,w|1,w|1,w|1,w|1,w|1,w|1,,,,,,,,,,,,,,,,,,,,,,,,,,,,,,,,,,,,,,,,,,,,,,,,,,,,,,,,,,,,,,,,,,,,,,,,,,,,,,,,,,,,,,,,,,,,,,,,,,,,,,,,,,,,,,,,,,,,,,,,,,,,,,,,,,,,,,,,,,,,,,,,,,,,,,,,,,,,,,,,,,,,,,,,,,,,,,,,,,,,w|1,w|1,w|1,w|1,w|1,w|1,w|1,w|1,w|1,w|1,w|1,w|1,w|1,w|1,w|1,w|1,w|1,w|1,w|1,w|1,w|1,w|1,w|1,w|1,w|1,w|1,w|1,w|1,w|1,w|1,w|1,w|1,w|1,w|1,w|1,w|1,w|1,w|1,w|1,w|1,w|1,w|1,w|1,w|1,w|1,w|1,w|1,w|1,w|1,w|1,w|1,w|1,w|1,w|1,w|1,w|1,w|1,w|1,w|1,w|1,w|1,w|1,w|1,w|1,w|1,w|1,w|1,w|1,w|1,w|1,w|1,w|1,w|1,w|1,w|1,w|1,w|1,w|1,w|1,w|1,w|1,w|1,w|1,w|1,w|1,w|1,w|1,w|1,w|1,w|1,w|1,w|1,w|1,w|1,w|1,w|1,w|1,w|1,w|1,w|1,w|1,w|1,w|1,w|1,w|1,w|1,w|1,w|1,w|1,w|1,w|1,w|1,w|1,w|1,w|1,w|1,w|1,w|1,w|1,w|1,w|1,w|1,w|1,w|1,w|1,w|1,w|1,w|1,w|1,w|1,w|1,w|1,w|1,w|1,w|1,w|1,w|1,w|1,w|1,w|1,w|1,w|1,w|1,w|1,w|1,w|1,w|1,w|1,w|1,w|1,w|1,w|1,w|1,w|1,w|1,w|1,w|1,w|1,w|1,w|1,w|1,w|1,w|1,w|1,w|1,w|1,w|1,w|1,w|1,w|1,w|1,w|1,w|1,w|1,w|1,w|1,w|1,w|1,w|1,w|1,w|1,w|1,w|1,w|1,w|1,w|1,w|1,w|1,w|1,w|1,w|1,w|1,w|1,w|1,w|1,w|1,w|1,w|1,w|1,w|1,w|1,w|1
w|1,,,,,,,,,w|1,w|1,w|1,w|1,w|1,w|1,w|1,w|1,w|1,w|1,w|1,w|1,,,,,,,,,,,,,,,,,,,,,,,,,,,,,,,,,,,,,,,,,,,,,,,,,,,,,,,,,,,,,,,,,,,,,,,,,,,,,,,,,,,,,,,,,,,,,,,,,,,,,,,,,,,,,,,,,,,,,,,,,,,,,,,,,,,,,,,,,,,,,,,,,,,,,,,,,,,,,,,,,,,,,,,,,,,,,,,,,,,,w|1,w|1,w|1,w|1,w|1,w|1,w|1,w|1,w|1,w|1,w|1,w|1,w|1,w|1,w|1,w|1,w|1,w|1,w|1,w|1,w|1,w|1,w|1,w|1,w|1,w|1,w|1,w|1,w|1,w|1,w|1,w|1,w|1,w|1,w|1,w|1,w|1,w|1,w|1,w|1,w|1,w|1,w|1,w|1,w|1,w|1,w|1,w|1,w|1,w|1,w|1,w|1,w|1,w|1,w|1,w|1,w|1,w|1,w|1,w|1,w|1,w|1,w|1,w|1,w|1,w|1,w|1,w|1,w|1,w|1,w|1,w|1,w|1,w|1,w|1,w|1,w|1,w|1,w|1,w|1,w|1,w|1,w|1,w|1,w|1,w|1,w|1,w|1,w|1,w|1,w|1,w|1,w|1,w|1,w|1,w|1,w|1,w|1,w|1,w|1,w|1,w|1,w|1,w|1,w|1,w|1,w|1,w|1,w|1,w|1,w|1,w|1,w|1,w|1,w|1,w|1,w|1,w|1,w|1,w|1,w|1,w|1,w|1,w|1,w|1,w|1,w|1,w|1,w|1,w|1,w|1,w|1,w|1,w|1,w|1,w|1,w|1,w|1,w|1,w|1,w|1,w|1,w|1,w|1,w|1,w|1,w|1,w|1,w|1,w|1,w|1,w|1,w|1,w|1,w|1,w|1,w|1,w|1,w|1,w|1,w|1,w|1,w|1,w|1,w|1,w|1,w|1,w|1,w|1,w|1,w|1,w|1,w|1,w|1,w|1,w|1,w|1,w|1,w|1,w|1,w|1,w|1,w|1,w|1,w|1,w|1,w|1,w|1,w|1,w|1,w|1,w|1,w|1,w|1,w|1,w|1,w|1,w|1,w|1,w|1,w|1,w|1
w|1,,,,,,,,w|1,w|1,w|1,w|1,w|1,w|1,w|1,w|1,w|1,w|1,w|1,w|1,w|1,,,,,,,,,,,,,,,,,,,,,,,,,,,,,,,,,,,,,,,,,,,,,,,,,,,,,,,,,,,,,,,,,,,,,,,,,,,,,,,,,,,,,,,,,,,,,,,backside|grass1,,backside|grass2,,,,,,,,,,,,,,,,,,,,,,,,,,,,,,,,,,,,,,,,,,,,,,,,,,,,,,,,,,,,,,,,,,,,,,,,,,,,,,,,,,,w|1,w|1,w|1,w|1,w|1,w|1,w|1,w|1,w|1,w|1,w|1,w|1,w|1,w|1,w|1,w|1,w|1,w|1,w|1,w|1,w|1,w|1,w|1,w|1,w|1,w|1,w|1,w|1,w|1,w|1,w|1,w|1,w|1,w|1,w|1,w|1,w|1,w|1,w|1,w|1,w|1,w|1,w|1,w|1,w|1,w|1,w|1,w|1,w|1,w|1,w|1,w|1,w|1,w|1,w|1,w|1,w|1,w|1,w|1,w|1,w|1,w|1,w|1,w|1,w|1,w|1,w|1,w|1,w|1,w|1,w|1,w|1,w|1,w|1,w|1,w|1,w|1,w|1,w|1,w|1,w|1,w|1,w|1,w|1,w|1,w|1,w|1,w|1,w|1,w|1,w|1,w|1,w|1,w|1,w|1,w|1,w|1,w|1,w|1,w|1,w|1,w|1,w|1,w|1,w|1,w|1,w|1,w|1,w|1,w|1,w|1,w|1,w|1,w|1,w|1,w|1,w|1,w|1,w|1,w|1,w|1,w|1,w|1,w|1,w|1,w|1,w|1,w|1,w|1,w|1,w|1,w|1,w|1,w|1,w|1,w|1,w|1,w|1,w|1,w|1,w|1,w|1,w|1,w|1,w|1,w|1,w|1,w|1,w|1,w|1,w|1,w|1,w|1,w|1,w|1,w|1,w|1,w|1,w|1,w|1,w|1,w|1,w|1,w|1,w|1,w|1,w|1,w|1,w|1,w|1,w|1,w|1,w|1,w|1,w|1,w|1,w|1,w|1,w|1,w|1,w|1,w|1,w|1,w|1,w|1,w|1,w|1,w|1,w|1,w|1,w|1,w|1,w|1,w|1,w|1,w|1,w|1,w|1,w|1,w|1,w|1,w|1
w|1,,,,stone|1,,,,backwall,backwall,backwall,backwall,backwall,backwall,backwall,backwall,backwall,w|1,w|1,w|1,w|1,,,,,,,,,,,,,,,,,,,,,,,,,,,,,,,,,,,,,,,,,,,,,,,,,,,,,,,,,,,,,,,,,,,,,,,,,,,,,,,,,,,,,,,,,,,,,,,w|1,w|1,w|1,w|1,,,,,,,,,,,,,,,,,,,,,,,,,,,,,,,,,,,,,,,,,,,,,,,,,,,,,,,,,,,,,,,,,,,,,,,,,,,,,,,,,,w|1,w|1,w|1,w|1,w|1,w|1,w|1,w|1,w|1,w|1,w|1,,,,,,,,,,,,,,,,,,,,,,,,,,,,,,,,,,,,,,,,,,,,,,,,,,,,,,,,,,,,,,,,,,,,,,,,,,,,,,,,,,,,,,,,,,,,,,,,,,,,,,,,,,,,,,,,,,,,,,,,,,,,,,,,,,,,,,,,,,,,,,,,,,,,,,,,,,,,,,,,,,,,,,,,,,,,,,,,,,,,,,,,,,,,,,,w|1
w|1,,,,,,,,backwall,backwall,backwall,backwall,backwall,backwall,backwall,backwall,backwall,w|1,w|1,w|1,w|1,,,,,letter|Скинь бочку вниз.,,,,,,,,,,,,,,,,,,enemy|troll,,,,enemy|troll,,,,enemy|troll,,,,enemy|troll,,,,enemy|troll,,,,,,,,,,,,,,,,,enemy|dinosaur,,,backside|grass1,,backside|grass2,,backside|grass3,,backside|grass4,,backside|grass5,,backside|grass6,,backside|grass7,,backside|grass8,,backside|grass9,,,backside|ridge5,,,,,,,,,,,,,,,chest|1,,w|1,w|1,w|1,w|1,,backside|willow2,,,,,enemy|random,,enemy|random,,enemy|random,,enemy|random,,,,,,,,,,,,,,,,,,,,,,,,,letter|Придется попрыгать.,,,,,,,,,,,,,,,,,,,,,,,,,,,,,,,,,,,,,,,,,,,,w|1,w|1,w|1,w|1,w|1,w|1,w|1,w|1,w|1,w|1,w|1,,,,,,,,,,,,,,,,,,,,,,,,,,,,,,,,,,,,,,,,,,,,,,,,,,,,,,,,,,,,,,,,,,,,,,,,,,,,,,,,,,,,,,,,,,,,,,,,,,,,,,,,,,,,,,,,,,,,,,,,,,,,,,,,,,,,,,,,,,,,,,,,,,,,,,,,,,,,,,,,,,,,,,,,,,,,,,,,,,,,,,,,,,,,,,,w|1
w|1,w|1,w|1,w|1,w|1,w|1,w|1,backwall,backwall,backwall,backwall,backwall,backwall,backwall,backwall,backwall,backwall,w|1,w|1,w|1,w|1,,,,,,,,,,,i|1,,,,,,,,,,,,,,,,,,backside|grass5,,,,,,,,,,,,,,w|1,w|1,,,,,,,,w|1,w|1,w|1,w|1,w|1,w|1,w|1,w|1,w|1,w|1,w|1,w|1,w|1,w|1,w|1,w|1,w|1,w|1,w|1,w|1,w|1,w|1,w|1,w|1,w|1,w|1,w|1,w|1,w|1,w|1,w|1,w|1,,,,,,,,w|1,w|1,w|1,w|1,w|1,w|1,w|1,w|1,w|1,w|1,w|1,w|1,w|1,w|1,w|1,w|1,w|1,w|1,w|1,w|1,w|1,w|1,w|1,,,enemy|troll,,,,,,,,,,,,,,,,,,,,,,,,,,,,,,,,,,,,,,,,,,,,,,,,,,,,,,,,,,,,,,,,w|1,w|1,w|1,w|1,w|1,w|1,w|1,w|1,w|1,w|1,w|1,,,,,,,,,,,,,,,,,,,,,,,,,,,,,,,,,,,,,,,,,,,,,,,,,,,,,,,,,,,,,,,,,,,,,,,,,,,,,,,,,,,,,,,,,,,,,,,,,,,,,,,,,,,,,,,,,,,,,,,,,,,,,,,,,,,,,,,,,,,,,,,,,,,,,,,,,,,,,,,,,,,,,,,,,,,,,,,,,,,,,,,,,,,,,,,w|1
w|1,w|1,w|1,w|1,w|1,w|1,w|1,backwall,backwall,backwall,backwall,backwall,backwall,backwall,backwall,backwall,backwall,w|1,w|1,w|1,w|1,,,,,,,,,,w|1,w|1,w|1,w|1,,,,,,,,w|1,w|1,w|1,w|1,w|1,w|1,w|1,w|1,w|1,w|1,w|1,w|1,w|1,w|1,w|1,w|1,w|1,w|1,w|1,w|1,w|1,w|1,w|1,w|1,,,,,,,,w|1,w|1,w|1,w|1,w|1,w|1,w|1,w|1,w|1,w|1,w|1,w|1,w|1,w|1,w|1,w|1,w|1,w|1,w|1,w|1,w|1,w|1,w|1,w|1,w|1,w|1,w|1,w|1,w|1,w|1,w|1,w|1,,,,,,,,w|1,w|1,w|1,w|1,w|1,w|1,w|1,w|1,w|1,w|1,w|1,w|1,w|1,w|1,w|1,w|1,w|1,w|1,w|1,w|1,w|1,w|1,w|1,,,,,,,,,,,,,,,,,,,,,,,,,,,,,,,,,,,,,,,,,,,,,,,,,,,,,,,,,,,,,,,,,,,w|1,w|1,w|1,w|1,w|1,w|1,w|1,w|1,w|1,w|1,w|1,,,,,,,,,,,,,,,,,,,,,,,,,,,,,,,,,,,,,,,,,,,,,,,,,,,,,,,,,,,,,,,,,,,,,,,,,,,,,,,,,,,,,,,,,,,,,,,,,,,,,,,,,,,,,,,,,,,,,,,,,,,,,,,,,,,,,,,,,,,,,,,,,,,,,,,,,,,,,,,,,,,,,,,,,,,,,,,,,,,,,,,,,,,,,,,w|1
w|1,w|1,w|1,w|1,w|1,w|1,w|1,w|1,backwall,backwall,backwall,backwall,backwall,backwall,backwall,backwall,backwall,w|1,w|1,w|1,w|1,,,,,,,,,,w|1,w|1,w|1,w|1,,,,,,,,w|1,w|1,w|1,w|1,w|1,w|1,w|1,w|1,w|1,w|1,w|1,w|1,w|1,w|1,w|1,w|1,w|1,w|1,w|1,w|1,w|1,w|1,w|1,w|1,,,,,,,,,,,,,,,,,,,,,,,,,,,,,,,,,,,,,,,,,,,,,,,,,,,,,,,,,,,,,,,,,,,,,,,w|1,w|1,w|1,w|1,w|1,w|1,w|1,w|1,w|1,w|1,,,,,,,,w|1,w|1,,,,,,,,,,,,,,,,,,,,,,,,,,,,,,,,,,,,,,,,,,,,,,,w|1,w|1,w|1,w|1,w|1,w|1,w|1,w|1,w|1,w|1,w|1,,,,,,,,,,,,,,,,,,,,,,,,,,,,,,,,,,,,,,,,,,,,,,,,,,,,,,,,,,,,,,,,,,,,,,,,,,,,,,,,,,,,,,,,,,,,,,,,,,,,,,,,,,,,,,,,,,,,,,,,,,,,,,,,,,,,,,,,,,,,,,,,,,,,,,,,,,,,,,,,,,,,,,,,,,,,,,,,,,,,,,,,,,,,,,,w|1
w|1,w|1,w|1,w|1,w|1,w|1,w|1,w|1,backwall,backwall,backwall,backwall,backwall,backwall,backwall,backwall,backwall,w|1,w|1,w|1,w|1,,,,,,,,,,,,,,,,,,,,,,,,,,,,,,,,,,,,,,,,,,,,,,,,,,,,,,,,,,,,,,,,,,,,,,,,,,,,,,,,,,,,,,,,,,,,,,,,,,,,,,,,,,,,,,,,,,,w|1,w|1,w|1,w|1,w|1,w|1,w|1,w|1,w|1,w|1,,,,,,,,w|1,w|1,,,,,,,,,,,,,,,,,,,,,,,,,,,,,,,,,,,,,,,,,,,,,,,w|1,w|1,w|1,w|1,w|1,w|1,w|1,w|1,w|1,w|1,w|1,,,,,,,,,,,,,,,,,,,,,,,,,,,,,,,,,,,,,,,,,,,,,,,,,,,,,,,,,,,,,,,,,,,,,,,,,,,,,,,,,,,,,,,,,,,,,,,,,,,,,,,,,,,,,,,,,,,,,,,,,,,,,,,,,,,,,,,,,,,,,,,,,,,,,,,,,,,,,,,,,,,,,,,,,,,,,,,,,,,,,,,,,,,,,,,w|1
w|1,w|1,w|1,w|1,w|1,w|1,w|1,w|1,w|1,backwall,backwall,backwall,backwall,backwall,backwall,backwall,backwall,w|1,w|1,w|1,w|1,,,,,,,,,,,,,,,,,,,,,,,,,,,,,,,,,,,,,,,,,,,,,,,,,,,,,,,,,,,,,,,,,,,,,,,,,,,,,,,,,,,,,,,,,,,,,,,,,,,,,,,,,,,,,,,,,,,,,,,,,,,,,,,,,,,,w|1,w|1,w|1,w|1,,,,,,,,,,,,,,,,,,,,,,,,,,,,,,,,,,,,,,,,,,,,,w|1,w|1,w|1,w|1,w|1,w|1,w|1,w|1,w|1,w|1,w|1,,,,,,,,,,,,,,,,,,,,,,,,,,,,,,,,,,,,,,,,,,,,,,,,,,,,,,,,,,,,,,,,,,,,,,,,,,,,,,,,,,,,,,,,,,,,,,,,,,,,,,,,,,,,,,,,,,,,,,,,,,,,,,,,,,,,,,,,,,,,,,,,,,,,,,,,,,,,,,,,,,,,,,,,,,,,,,,,,,,,,,,,,,,,,,,w|1
w|1,w|1,w|1,w|1,w|1,w|1,w|1,w|1,w|1,backwall,backwall,backwall,backwall,backwall,backwall,backwall,backwall,w|1,w|1,w|1,w|1,,,,,,,,,,,,,,,,,,,,,,,,,,,,,,,,,,,,,,,,,,,,,,,,,,,,,,,,,,,,,,,,,,,,,,,,,,,,,,,,,,,,,,,,,,,,,,,,,,,,,,,,,,,,,,,,,,,,,,,,,,,,,,,,,,,,w|1,w|1,w|1,w|1,,,,,,,,,,,,,,,,,,,,,,,,,,,,,,,,,,,,,,,,,,,,,w|1,w|1,w|1,w|1,w|1,w|1,w|1,w|1,w|1,w|1,w|1,,,,,,,,,,,,,,,,,,,,,,,,,,,,,,,,,,,,,,,,,,,,,,,,,,,,,,,,,,,,,,,,,,,,,,,,,,,,,,,,,,,,,,,,,,,,,,,,,,,,,,,,,,,,,,,,,,,,,,,,,,,,,,,,,,,,,,,,,,,,,,,,,,,,,,,,,,,,,,,,,,,,,,,,,,,,,,,,,,,,,,,,,,,,,,,w|1
w|1,w|1,w|1,w|1,w|1,w|1,w|1,w|1,w|1,w|1,backwall,backwall,backwall,backwall,backwall,backwall,backwall,w|1,w|1,w|1,w|1,,,,,,,,,,,,,,,,,,,,,,,,,,,,,,,,,,,,,,,,,,,,,,,,,,,,,,,,,,,,,,,,,,,,,,,,,,,,,,,,,,,,,,,,,,,,,,,,,,,,,,,,,,,,,,,,,,,,,,,,,,,,,,,,,,,,w|1,w|1,w|1,w|1,w|1,,,,,,,,,,,,,,,,,,,,,,,,,,,,,,,,,,,,,,,,,,,,w|1,w|1,w|1,w|1,w|1,w|1,w|1,w|1,w|1,w|1,w|1,,,,,,,,,,,,,,,,,,,,,,,,,,,,,,,,,,,,,,,,,,,,,,,,,,,,,,,,,,,,,,,,,,,,,,,,,,,,,,,,,,,,,,,,,,,,,,,,,,,,,,,,,,,,,,,,,,,,,,,,,,,,,,,,,,,,,,,,,,,,,,,,,,,,,,,,,,,,,,,,,,,,,,,,,,,,,,,,,,,,,,,,,,,,,,,w|1
w|1,w|1,w|1,w|1,w|1,w|1,w|1,w|1,w|1,w|1,w|1,backwall,enemy|troll|backwall,backwall,backwall,backwall,backwall,w|1,w|1,w|1,w|1,,,,,,,,,,,,,,,,,,,,,,,,,,,,,,,,,,,,,,,,,,,,,,,,,,,,,,,,,,,,,,,,,,,,,,,,,,,,,,,,,,,,,,,,,,,,,,,,,,,,,,,,,,,,,,,,,,,,,,,,,,,,,,,,,,,,w|1,w|1,w|1,w|1,w|1,w|1,,,,enemy|troll,,,,,,,stone|1,,,,,,,,,,,,,,,,,,,,,,,,,,,,,,,,w|1,w|1,w|1,w|1,w|1,w|1,w|1,w|1,w|1,w|1,w|1,,,,,,,,,,,,,,,,,,,,,,,,,,,,,,,,,,,,,,,,,,,,,,,,,,,,,,,,,,,,,,,,,,,,,,,,,,,,,,,,,,,,,,,,,,,,,,,,,,,,,,,,,,,,,,,,,,,,,,,,,,,,,,,,,,,,,,,,,,,,,,,,,,,,,,,,,,,,,,,,,,,,,,,,,,,,,,,,,,,,,,,,,,,,,,,w|1
w|1,w|1,w|1,w|1,w|1,w|1,w|1,w|1,w|1,w|1,w|1,backwall,backwall,backwall,backwall,backwall,backwall,w|1,w|1,w|1,w|1,stakes|1,stakes|1,stakes|1,stakes|1,stakes|1,stakes|1,stakes|1,stakes|1,stakes|1,stakes|1,stakes|1,stakes|1,stakes|1,stakes|1,stakes|1,stakes|1,stakes|1,stakes|1,stakes|1,stakes|1,stakes|1,stakes|1,stakes|1,stakes|1,stakes|1,stakes|1,stakes|1,stakes|1,stakes|1,stakes|1,stakes|1,stakes|1,stakes|1,stakes|1,stakes|1,stakes|1,stakes|1,stakes|1,stakes|1,stakes|1,stakes|1,stakes|1,stakes|1,stakes|1,stakes|1,stakes|1,stakes|1,stakes|1,stakes|1,stakes|1,stakes|1,stakes|1,stakes|1,stakes|1,stakes|1,stakes|1,stakes|1,stakes|1,stakes|1,stakes|1,stakes|1,stakes|1,stakes|1,stakes|1,stakes|1,stakes|1,stakes|1,stakes|1,stakes|1,stakes|1,stakes|1,stakes|1,stakes|1,stakes|1,stakes|1,stakes|1,stakes|1,stakes|1,stakes|1,stakes|1,stakes|1,stakes|1,stakes|1,stakes|1,stakes|1,stakes|1,stakes|1,stakes|1,stakes|1,stakes|1,stakes|1,stakes|1,stakes|1,stakes|1,stakes|1,stakes|1,stakes|1,stakes|1,stakes|1,stakes|1,stakes|1,stakes|1,stakes|1,stakes|1,stakes|1,stakes|1,stakes|1,stakes|1,stakes|1,stakes|1,stakes|1,stakes|1,stakes|1,stakes|1,stakes|1,stakes|1,stakes|1,stakes|1,stakes|1,stakes|1,stakes|1,stakes|1,stakes|1,stakes|1,stakes|1,stakes|1,stakes|1,stakes|1,stakes|1,stakes|1,stakes|1,w|1,w|1,w|1,w|1,w|1,w|1,,,,,,,,,,,,,,,backside|grass1,,backside|grass2,,backside|grass3,,backside|grass4,,backside|grass5,,backside|grass6,,backside|grass7,,backside|grass8,,backside|grass9,,,enemy|random,backside|tree1,,,,,,,,w|1,w|1,w|1,w|1,w|1,w|1,w|1,w|1,w|1,w|1,w|1,,,,,,,,,,,,,,,,,,,,,,,,,,,,,,,,,,,,,,,,,,,,,,,,,,,,,,,,,,,,,,,,,,,,,,,,,,,,,,,,,,,,,,,,,,,,,,,,,,,,,,,,,,,,,,,,,,,,,,,,,,,,,,,,,,,,,,,,,,,,,,,,,,,,,,,,,,,,,,,,,,,,,,,,,,,,,,,,,,,,,,,,,,,,,,,w|1
w|1,w|1,w|1,w|1,w|1,w|1,w|1,w|1,w|1,w|1,w|1,w|1,w|1,w|1,backwall,backwall,backwall,w|1,w|1,w|1,w|1,w|1,w|1,w|1,w|1,w|1,w|1,w|1,w|1,w|1,w|1,w|1,w|1,w|1,w|1,w|1,w|1,w|1,w|1,w|1,w|1,w|1,w|1,w|1,w|1,w|1,w|1,w|1,w|1,w|1,w|1,w|1,w|1,w|1,w|1,w|1,w|1,w|1,w|1,w|1,w|1,w|1,w|1,w|1,w|1,w|1,w|1,w|1,w|1,w|1,w|1,w|1,w|1,w|1,w|1,w|1,w|1,w|1,w|1,w|1,w|1,w|1,w|1,w|1,w|1,w|1,w|1,w|1,w|1,w|1,w|1,w|1,w|1,w|1,w|1,w|1,w|1,w|1,w|1,w|1,w|1,w|1,w|1,w|1,w|1,w|1,w|1,w|1,w|1,w|1,w|1,w|1,w|1,w|1,w|1,w|1,w|1,w|1,w|1,w|1,w|1,w|1,w|1,w|1,w|1,w|1,w|1,w|1,w|1,w|1,w|1,w|1,w|1,w|1,w|1,w|1,w|1,w|1,w|1,w|1,w|1,w|1,w|1,w|1,w|1,w|1,w|1,w|1,w|1,w|1,w|1,w|1,w|1,w|1,w|1,w|1,w|1,w|1,w|1,w|1,w|1,w|1,w|1,w|1,w|1,w|1,w|1,w|1,w|1,w|1,w|1,w|1,w|1,w|1,w|1,w|1,w|1,w|1,w|1,w|1,w|1,w|1,w|1,w|1,w|1,w|1,w|1,w|1,w|1,w|1,w|1,w|1,w|1,w|1,w|1,w|1,w|1,backwall,backwall,backwall,w|1,w|1,w|1,w|1,w|1,w|1,w|1,w|1,w|1,w|1,w|1,,,,,,,,,,,,,,,,,,,,,,,,,,,,,,,,,,,,,,,,,,,,,,,,,,,,,,,,,,,,,,,,,,,,,,,,,,,,,,,,,,,,,,,,,,,,,,,,,,,,,,,,,,,,,,,,,,,,,,,,,,,,,,,,,,,,,,,,,,,,,,,,,,,,,,,,,,,,,,,,,,,,,,,,,,,,,,,,,,,,,,,,,,,,,,,w|1
w|1,w|1,w|1,w|1,w|1,w|1,w|1,w|1,w|1,w|1,w|1,w|1,w|1,w|1,backwall,backwall,backwall,w|1,w|1,w|1,w|1,w|1,w|1,w|1,w|1,w|1,w|1,w|1,w|1,w|1,w|1,w|1,w|1,w|1,w|1,w|1,w|1,w|1,w|1,w|1,w|1,w|1,w|1,w|1,w|1,w|1,w|1,w|1,w|1,w|1,w|1,w|1,w|1,w|1,w|1,w|1,w|1,w|1,w|1,w|1,w|1,w|1,w|1,w|1,w|1,w|1,w|1,w|1,w|1,w|1,w|1,w|1,w|1,w|1,w|1,w|1,w|1,w|1,w|1,w|1,w|1,w|1,w|1,w|1,w|1,w|1,w|1,w|1,w|1,w|1,w|1,w|1,w|1,w|1,w|1,w|1,w|1,w|1,w|1,w|1,w|1,w|1,w|1,w|1,w|1,w|1,w|1,w|1,w|1,w|1,w|1,w|1,w|1,w|1,w|1,w|1,w|1,w|1,w|1,w|1,w|1,w|1,w|1,w|1,w|1,w|1,w|1,w|1,w|1,w|1,w|1,w|1,w|1,w|1,w|1,w|1,w|1,w|1,w|1,w|1,w|1,w|1,w|1,w|1,w|1,w|1,w|1,w|1,w|1,w|1,w|1,w|1,w|1,w|1,w|1,w|1,w|1,w|1,w|1,w|1,w|1,w|1,w|1,w|1,w|1,w|1,w|1,w|1,w|1,w|1,w|1,w|1,w|1,w|1,w|1,w|1,w|1,w|1,w|1,w|1,w|1,w|1,w|1,w|1,w|1,backwall,backwall,backwall,backwall,backwall,backwall,backwall,backwall,backwall,backwall,backwall,backwall,backwall,backwall,backwall,w|1,w|1,w|1,w|1,w|1,w|1,w|1,w|1,w|1,w|1,w|1,,,,,,,,,,,,,,,,,,,,,,,,,,,,,,,,,,,,,,,,,,,,,,,,,,,,,,,,,,,,,,,,,,,,,,,,,,,,,,,,,,,,,,,,,,,,,,,,,,,,,,,,,,,,,,,,,,,,,,,,,,,,,,,,,,,,,,,,,,,,,,,,,,,,,,,,,,,,,,,,,,,,,,,,,,,,,,,,,,,,,,,,,,,,,,,w|1
w|1,w|1,w|1,w|1,w|1,w|1,w|1,w|1,w|1,w|1,w|1,w|1,w|1,w|1,w|1,backwall,backwall,backwall,backwall,backwall,backwall,backwall,backwall,w|1,w|1,w|1,w|1,w|1,w|1,w|1,w|1,w|1,w|1,w|1,w|1,w|1,w|1,w|1,w|1,w|1,w|1,w|1,w|1,w|1,w|1,w|1,w|1,w|1,w|1,w|1,w|1,w|1,w|1,w|1,w|1,w|1,w|1,w|1,w|1,w|1,w|1,w|1,w|1,w|1,w|1,w|1,w|1,w|1,w|1,w|1,w|1,w|1,w|1,w|1,w|1,w|1,w|1,w|1,w|1,w|1,w|1,w|1,w|1,w|1,w|1,w|1,w|1,w|1,w|1,w|1,w|1,w|1,w|1,w|1,w|1,w|1,w|1,w|1,w|1,w|1,w|1,w|1,w|1,w|1,w|1,w|1,w|1,w|1,w|1,w|1,w|1,w|1,w|1,w|1,w|1,w|1,w|1,w|1,w|1,w|1,w|1,w|1,w|1,w|1,w|1,w|1,w|1,w|1,w|1,w|1,w|1,w|1,w|1,w|1,w|1,w|1,w|1,w|1,w|1,w|1,w|1,w|1,w|1,w|1,w|1,w|1,w|1,w|1,w|1,w|1,w|1,w|1,w|1,w|1,w|1,w|1,w|1,w|1,w|1,w|1,w|1,w|1,w|1,w|1,w|1,w|1,w|1,w|1,w|1,w|1,w|1,w|1,w|1,w|1,w|1,w|1,w|1,w|1,w|1,w|1,w|1,w|1,w|1,w|1,w|1,backwall,backwall,backwall,backwall,backwall,backwall,backwall,backwall,backwall,backwall,backwall,backwall,backwall,backwall,backwall,w|1,w|1,w|1,w|1,w|1,w|1,w|1,w|1,w|1,w|1,w|1,,,,,,,,,,,,,,,,,,,,,,,,,,,,,,,,,,,,,,,,,,,,,,,,,,,,,,,,,,,,,,,,,,,,,,,,,,,,,,,,,,,,,,,,,,,,,,,,,,,,,,,,,,,,,,,,,,,,,,,,,,,,,,,,,,,,,,,,,,,,,,,,,,,,,,,,,,,,,,,,,,,,,,,,,,,,,,,,,,,,,,,,,,,,,,,w|1
w|1,w|1,w|1,w|1,w|1,w|1,w|1,w|1,w|1,w|1,w|1,w|1,w|1,w|1,w|1,backwall,backwall,backwall,backwall,backwall,backwall,backwall,backwall,w|1,w|1,w|1,w|1,w|1,w|1,w|1,w|1,w|1,w|1,w|1,w|1,w|1,w|1,w|1,w|1,w|1,w|1,w|1,w|1,w|1,w|1,w|1,w|1,w|1,w|1,w|1,w|1,w|1,w|1,w|1,w|1,w|1,w|1,w|1,w|1,w|1,w|1,w|1,w|1,w|1,w|1,w|1,w|1,w|1,w|1,w|1,w|1,w|1,w|1,w|1,w|1,w|1,w|1,w|1,w|1,w|1,w|1,w|1,w|1,w|1,w|1,w|1,w|1,w|1,w|1,w|1,w|1,w|1,w|1,w|1,w|1,w|1,w|1,w|1,w|1,w|1,w|1,w|1,w|1,w|1,w|1,w|1,w|1,w|1,w|1,w|1,w|1,w|1,w|1,w|1,w|1,w|1,w|1,w|1,w|1,w|1,w|1,w|1,w|1,w|1,w|1,w|1,w|1,w|1,w|1,w|1,w|1,w|1,w|1,w|1,w|1,w|1,w|1,w|1,w|1,w|1,w|1,w|1,w|1,w|1,w|1,w|1,w|1,w|1,w|1,w|1,w|1,w|1,w|1,w|1,w|1,w|1,w|1,w|1,w|1,w|1,w|1,w|1,w|1,w|1,w|1,w|1,w|1,w|1,w|1,w|1,w|1,w|1,w|1,w|1,w|1,w|1,w|1,w|1,w|1,w|1,w|1,w|1,w|1,w|1,w|1,backwall,backwall,backwall,backwall,backwall,backwall,backwall,backwall,backwall,backwall,backwall,backwall,backwall,backwall,w|1,w|1,w|1,w|1,w|1,w|1,w|1,w|1,w|1,w|1,w|1,w|1,,,,,,,,,,,,,,,,,,,,,,,,,,,,,,,,,,,,,,,,,,,,,,,,,,,,,,,,,,,,,,,,,,,,,,,,,,,,,,,,,,,,,,,,,,,,,,,,,,,,,,,,,,,,,,,,,,,,,,,,,,,,,,,,,,,,,,,,,,,,,,,,,,,,,,,,,,,,,,,,,,,,,,,,,,,,,,,,,,,,,,,,,,,,,,,w|1
w|1,w|1,w|1,w|1,w|1,w|1,w|1,w|1,w|1,w|1,w|1,w|1,w|1,w|1,w|1,w|1,w|1,w|1,w|1,w|1,w|1,w|1,w|1,w|1,w|1,w|1,w|1,w|1,w|1,w|1,w|1,w|1,w|1,w|1,w|1,w|1,w|1,w|1,w|1,w|1,w|1,w|1,w|1,w|1,w|1,w|1,w|1,w|1,w|1,w|1,w|1,w|1,w|1,w|1,w|1,w|1,w|1,w|1,w|1,w|1,w|1,w|1,w|1,w|1,w|1,w|1,w|1,w|1,w|1,w|1,w|1,w|1,w|1,w|1,w|1,w|1,w|1,w|1,w|1,w|1,w|1,w|1,w|1,w|1,w|1,w|1,w|1,w|1,w|1,w|1,w|1,w|1,w|1,w|1,w|1,w|1,w|1,w|1,w|1,w|1,w|1,w|1,w|1,w|1,w|1,w|1,w|1,w|1,w|1,w|1,w|1,w|1,w|1,w|1,w|1,w|1,w|1,w|1,w|1,w|1,w|1,w|1,w|1,w|1,w|1,w|1,w|1,w|1,w|1,w|1,w|1,w|1,w|1,w|1,w|1,w|1,w|1,w|1,w|1,w|1,w|1,w|1,w|1,w|1,w|1,w|1,w|1,w|1,w|1,w|1,w|1,w|1,w|1,w|1,w|1,w|1,w|1,w|1,w|1,w|1,w|1,w|1,w|1,w|1,w|1,w|1,w|1,w|1,w|1,w|1,w|1,w|1,w|1,w|1,w|1,w|1,w|1,w|1,w|1,w|1,w|1,w|1,w|1,w|1,w|1,backwall,backwall,backwall,backwall,backwall,backwall,backwall,backwall,backwall,backwall,backwall,backwall,backwall,backwall,w|1,w|1,w|1,w|1,w|1,w|1,w|1,w|1,w|1,w|1,w|1,w|1,,,,,,,,,,,,,,,,,,,,,,,,,,,,,,,,,,,,,,,,,,,,,,,,,,,,,,,,,,,,,,,,,,,,,,,,,,,,,,,,,,,,,,,,,,,,,,,,,,,,,,,,,,,,,,,,,,,,,,,,,,,,,,,,,,,,,,,,,,,,,,,,,,,,,,,,,,,,,,,,,,,,,,,,,,,,,,,,,,,,,,,,,,,,,,,w|1
w|1,w|1,w|1,w|1,w|1,w|1,w|1,w|1,w|1,w|1,w|1,w|1,w|1,w|1,w|1,w|1,w|1,w|1,w|1,w|1,w|1,w|1,w|1,w|1,w|1,w|1,w|1,w|1,w|1,w|1,w|1,w|1,w|1,w|1,w|1,w|1,w|1,w|1,w|1,w|1,w|1,w|1,w|1,w|1,w|1,w|1,w|1,w|1,w|1,w|1,w|1,w|1,w|1,w|1,w|1,w|1,w|1,w|1,w|1,w|1,w|1,w|1,w|1,w|1,w|1,w|1,w|1,w|1,w|1,w|1,w|1,w|1,w|1,w|1,w|1,w|1,w|1,w|1,w|1,w|1,w|1,w|1,w|1,w|1,w|1,w|1,w|1,w|1,w|1,w|1,w|1,w|1,w|1,w|1,w|1,w|1,w|1,w|1,w|1,w|1,w|1,w|1,w|1,w|1,w|1,w|1,w|1,w|1,w|1,w|1,w|1,w|1,w|1,w|1,w|1,w|1,w|1,w|1,w|1,w|1,w|1,w|1,w|1,w|1,w|1,w|1,w|1,w|1,w|1,w|1,w|1,w|1,w|1,w|1,w|1,w|1,w|1,w|1,w|1,w|1,w|1,w|1,w|1,w|1,w|1,w|1,w|1,w|1,w|1,w|1,w|1,w|1,w|1,w|1,w|1,w|1,w|1,w|1,w|1,w|1,w|1,w|1,w|1,w|1,w|1,w|1,w|1,w|1,w|1,w|1,w|1,w|1,w|1,w|1,w|1,w|1,w|1,w|1,w|1,w|1,w|1,w|1,w|1,w|1,w|1,backwall,backwall,backwall,backwall,backwall,backwall,backwall,backwall,backwall,backwall,backwall,enemy|dinosaur|backwall,backwall,backwall,w|1,w|1,w|1,w|1,w|1,w|1,w|1,w|1,w|1,w|1,w|1,w|1,,,,,,,,,,,,,,,,,,,,,,,,,,,,,,,,,,,,,,,,,,,,,,,,,,,,,,,,,,,,,,,,,,,,,,,,,,,,,,,,,,,,,,,,,,,,,,,,,,,,,,,,,,,,,,,,,,,,,,,,,,,,,,,,,,,,,,,,,,,,,,,,,,,,,,,,,,,,,,,,,,,,,,,,,,,,,,,,,,,,,,,,,,,,,,,w|1
w|1,w|1,w|1,w|1,w|1,w|1,w|1,w|1,w|1,w|1,w|1,w|1,w|1,w|1,w|1,w|1,w|1,w|1,w|1,w|1,w|1,w|1,w|1,w|1,w|1,w|1,w|1,w|1,w|1,w|1,w|1,w|1,w|1,w|1,w|1,w|1,w|1,w|1,w|1,w|1,w|1,w|1,w|1,w|1,w|1,w|1,w|1,w|1,w|1,w|1,w|1,w|1,w|1,w|1,w|1,w|1,w|1,w|1,w|1,w|1,w|1,w|1,w|1,w|1,w|1,w|1,w|1,w|1,w|1,w|1,w|1,w|1,w|1,w|1,w|1,w|1,w|1,w|1,w|1,w|1,w|1,w|1,w|1,w|1,w|1,w|1,w|1,w|1,w|1,w|1,w|1,w|1,w|1,w|1,w|1,w|1,w|1,w|1,w|1,w|1,w|1,w|1,w|1,w|1,w|1,w|1,w|1,w|1,w|1,w|1,w|1,w|1,w|1,w|1,w|1,w|1,w|1,w|1,w|1,w|1,w|1,w|1,w|1,w|1,w|1,w|1,w|1,w|1,w|1,w|1,w|1,w|1,w|1,w|1,w|1,w|1,w|1,w|1,w|1,w|1,w|1,w|1,w|1,w|1,w|1,w|1,w|1,w|1,w|1,w|1,w|1,w|1,w|1,w|1,w|1,w|1,w|1,w|1,w|1,w|1,w|1,w|1,w|1,w|1,w|1,w|1,w|1,w|1,w|1,w|1,w|1,w|1,w|1,w|1,w|1,w|1,w|1,w|1,w|1,w|1,w|1,w|1,w|1,w|1,w|1,backwall,backwall,backwall,w|1,w|1,w|1,w|1,w|1,w|1,w|1,w|1,w|1,w|1,w|1,w|1,w|1,w|1,w|1,w|1,w|1,w|1,w|1,w|1,w|1,w|1,w|1,,,,,,,,,,,,,,,,,,,,,,,,,,,,,,,,,,,,,,,,,,,,,,,,,,,,,,,,,,,,,,,,,,,,,,,,,,,,,,,,,,,,,,,,,,,,,,,,,,,,,,,,,,,,,,,,,,,,,,,,,,,,,,,,,,,,,,,,,,,,,,,,,,,,,,,,,,,,,,,,,,,,,,,,,,,,,,,,,,,,,,,,,,,,,,,w|1
w|1,w|1,w|1,w|1,w|1,w|1,w|1,w|1,w|1,w|1,w|1,w|1,w|1,w|1,w|1,w|1,w|1,w|1,w|1,w|1,w|1,w|1,w|1,w|1,w|1,w|1,w|1,w|1,w|1,w|1,w|1,w|1,w|1,w|1,w|1,w|1,w|1,w|1,w|1,w|1,w|1,w|1,w|1,w|1,w|1,w|1,w|1,w|1,w|1,w|1,w|1,w|1,w|1,w|1,w|1,w|1,w|1,w|1,w|1,w|1,w|1,w|1,w|1,w|1,w|1,w|1,w|1,w|1,w|1,w|1,w|1,w|1,w|1,w|1,w|1,w|1,w|1,w|1,w|1,w|1,w|1,w|1,w|1,w|1,w|1,w|1,w|1,w|1,w|1,w|1,w|1,w|1,w|1,w|1,w|1,w|1,w|1,w|1,w|1,w|1,w|1,w|1,w|1,w|1,w|1,w|1,w|1,w|1,w|1,w|1,w|1,w|1,w|1,w|1,w|1,w|1,w|1,w|1,w|1,w|1,w|1,w|1,w|1,w|1,w|1,w|1,w|1,w|1,w|1,w|1,w|1,w|1,w|1,w|1,w|1,w|1,w|1,w|1,w|1,w|1,w|1,w|1,w|1,w|1,w|1,w|1,w|1,w|1,w|1,w|1,w|1,w|1,w|1,w|1,w|1,w|1,w|1,w|1,w|1,w|1,w|1,w|1,w|1,w|1,w|1,w|1,w|1,w|1,w|1,w|1,w|1,w|1,w|1,w|1,w|1,w|1,w|1,w|1,w|1,w|1,w|1,w|1,w|1,w|1,w|1,backwall,backwall,backwall,backwall,backwall,backwall,backwall,backwall,backwall,backwall,backwall,backwall,backwall,backwall,backwall,w|1,w|1,w|1,w|1,w|1,w|1,w|1,w|1,w|1,w|1,w|1,,,,,,,,,,,,,,,,,,,,,,,,,,,,,,,,,,,,,,,,,,,,,,,,,,,,,,,,,,,,,,,,,,,,,,,,,,,,,,,,,,,,,,,,,,,,,,,,,,,,,,,,,,,,,,,,,,,,,,,,,,,,,,,,,,,,,,,,,,,,,,,,,,,,,,,,,,,,,,,,,,,,,,,,,,,,,,,,,,,,,,,,,,,,,,,w|1
w|1,w|1,w|1,w|1,w|1,w|1,w|1,w|1,w|1,w|1,w|1,w|1,w|1,w|1,w|1,w|1,w|1,w|1,w|1,w|1,w|1,w|1,w|1,w|1,w|1,w|1,w|1,w|1,w|1,w|1,w|1,w|1,w|1,w|1,w|1,w|1,w|1,w|1,w|1,w|1,w|1,w|1,w|1,w|1,w|1,w|1,w|1,w|1,w|1,w|1,w|1,w|1,w|1,w|1,w|1,w|1,w|1,w|1,w|1,w|1,w|1,w|1,w|1,w|1,w|1,w|1,w|1,w|1,w|1,w|1,w|1,w|1,w|1,w|1,w|1,w|1,w|1,w|1,w|1,w|1,w|1,w|1,w|1,w|1,w|1,w|1,w|1,w|1,w|1,w|1,w|1,w|1,w|1,w|1,w|1,w|1,w|1,w|1,w|1,w|1,w|1,w|1,w|1,w|1,w|1,w|1,w|1,w|1,w|1,w|1,w|1,w|1,w|1,w|1,w|1,w|1,w|1,w|1,w|1,w|1,w|1,w|1,w|1,w|1,w|1,w|1,w|1,w|1,w|1,w|1,w|1,w|1,w|1,w|1,w|1,w|1,w|1,w|1,w|1,w|1,w|1,w|1,w|1,w|1,w|1,w|1,w|1,w|1,w|1,w|1,w|1,w|1,w|1,w|1,w|1,w|1,w|1,w|1,w|1,w|1,w|1,w|1,w|1,w|1,w|1,w|1,w|1,w|1,w|1,w|1,w|1,w|1,w|1,w|1,w|1,w|1,w|1,w|1,w|1,w|1,w|1,w|1,w|1,w|1,w|1,backwall,backwall,backwall,backwall,backwall,backwall,backwall,backwall,backwall,backwall,backwall,backwall,backwall,backwall,backwall,w|1,w|1,w|1,w|1,w|1,w|1,w|1,w|1,w|1,w|1,w|1,,,,,,,,,,,,,,,,,,,,,,,,,,,,,,,,,,,,,,,,,,,,,,,,,,,,,,,,,,,,,,,,,,,,,,,,,,,,,,,,,,,,,,,,,,,,,,,,,,,,,,,,,,,,,,,,,,,,,,,,,,,,,,,,,,,,,,,,,,,,,,,,,,,,,,,,,,,,,,,,,,,,,,,,,,,,,,,,,,,,,,,,,,,,,,,w|1
w|1,w|1,w|1,w|1,w|1,w|1,w|1,w|1,w|1,w|1,w|1,w|1,w|1,w|1,w|1,w|1,w|1,w|1,w|1,w|1,w|1,w|1,w|1,w|1,w|1,w|1,w|1,w|1,w|1,w|1,w|1,w|1,w|1,w|1,w|1,w|1,w|1,w|1,w|1,w|1,w|1,w|1,w|1,w|1,w|1,w|1,w|1,w|1,w|1,w|1,w|1,w|1,w|1,w|1,w|1,w|1,w|1,w|1,w|1,w|1,w|1,w|1,w|1,w|1,w|1,w|1,w|1,w|1,w|1,w|1,w|1,w|1,w|1,w|1,w|1,w|1,w|1,w|1,w|1,w|1,w|1,w|1,w|1,w|1,w|1,w|1,w|1,w|1,w|1,w|1,w|1,w|1,w|1,w|1,w|1,w|1,w|1,w|1,w|1,w|1,w|1,w|1,w|1,w|1,w|1,w|1,w|1,w|1,w|1,w|1,w|1,w|1,w|1,w|1,w|1,w|1,w|1,w|1,w|1,w|1,w|1,w|1,w|1,w|1,w|1,w|1,w|1,w|1,w|1,w|1,w|1,w|1,w|1,w|1,w|1,w|1,w|1,w|1,w|1,w|1,w|1,w|1,w|1,w|1,w|1,w|1,w|1,w|1,w|1,w|1,w|1,w|1,w|1,w|1,w|1,w|1,w|1,w|1,w|1,w|1,w|1,w|1,w|1,w|1,w|1,w|1,w|1,w|1,w|1,w|1,w|1,w|1,w|1,w|1,w|1,w|1,w|1,w|1,w|1,w|1,w|1,w|1,w|1,w|1,w|1,w|1,backwall,backwall,backwall,backwall,backwall,backwall,backwall,backwall,backwall,backwall,backwall,backwall,backwall,backwall,w|1,w|1,w|1,w|1,w|1,w|1,w|1,w|1,w|1,w|1,w|1,,,,,,,,,,,,,,,,,,,,,,,,,,,,,,,,,,,,,,,,,,,,,,,,,,,,,,,,,,,,,,,,,,,,,,,,,,,,,,,,,,,,,,,,,,,,,,,,,,,,,,,,,,,,,,,,,,,,,,,,,,,,,,,,,,,,,,,,,,,,,,,,,,,,,,,,,,,,,,,,,,,,,,,,,,,,,,,,,,,,,,,,,,,,,,,w|1
w|1,w|1,w|1,w|1,w|1,w|1,w|1,w|1,w|1,w|1,w|1,w|1,w|1,w|1,w|1,w|1,w|1,w|1,w|1,w|1,w|1,w|1,w|1,w|1,w|1,w|1,w|1,w|1,w|1,w|1,w|1,w|1,w|1,w|1,w|1,w|1,w|1,w|1,w|1,w|1,w|1,w|1,w|1,w|1,w|1,w|1,w|1,w|1,w|1,w|1,w|1,w|1,w|1,w|1,w|1,w|1,w|1,w|1,w|1,w|1,w|1,w|1,w|1,w|1,w|1,w|1,w|1,w|1,w|1,w|1,w|1,w|1,w|1,w|1,w|1,w|1,w|1,w|1,w|1,w|1,w|1,w|1,w|1,w|1,w|1,w|1,w|1,w|1,w|1,w|1,w|1,w|1,w|1,w|1,w|1,w|1,w|1,w|1,w|1,w|1,w|1,w|1,w|1,w|1,w|1,w|1,w|1,w|1,w|1,w|1,w|1,w|1,w|1,w|1,w|1,w|1,w|1,w|1,w|1,w|1,w|1,w|1,w|1,w|1,w|1,w|1,w|1,w|1,w|1,w|1,w|1,w|1,w|1,w|1,w|1,w|1,w|1,w|1,w|1,w|1,w|1,w|1,w|1,w|1,w|1,w|1,w|1,w|1,w|1,w|1,w|1,w|1,w|1,w|1,w|1,w|1,w|1,w|1,w|1,w|1,w|1,w|1,w|1,w|1,w|1,w|1,w|1,w|1,w|1,w|1,w|1,w|1,w|1,w|1,w|1,w|1,w|1,w|1,w|1,w|1,w|1,w|1,w|1,w|1,w|1,w|1,backwall,backwall,backwall,backwall,backwall,backwall,backwall,backwall,backwall,backwall,backwall,backwall,backwall,backwall,w|1,w|1,w|1,w|1,w|1,w|1,w|1,w|1,w|1,w|1,w|1,,,,,,,,,,,,,,,,,,,,,,,,,,,,,,,,,,,,,,,,,,,,,,,,,,,,,,,,,,,,,,,,,,,,,,,,,,,,,,,,,,,,,,,,,,,,,,,,,,,,,,,,,,,,,,,,,,,,,,,,,,,,,,,,,,,,,,,,,,,,,,,,,,,,,,,,,,,,,,,,,,,,,,,,,,,,,,,,,,,,,,,,,,,,,,,w|1
w|1,w|1,w|1,w|1,w|1,w|1,w|1,w|1,w|1,w|1,w|1,w|1,w|1,w|1,w|1,w|1,w|1,w|1,w|1,w|1,w|1,w|1,w|1,w|1,w|1,w|1,w|1,w|1,w|1,w|1,w|1,w|1,w|1,w|1,w|1,w|1,w|1,w|1,w|1,w|1,w|1,w|1,w|1,w|1,w|1,w|1,w|1,w|1,w|1,w|1,w|1,w|1,w|1,w|1,w|1,w|1,w|1,w|1,w|1,w|1,w|1,w|1,w|1,w|1,w|1,w|1,w|1,w|1,w|1,w|1,w|1,w|1,w|1,w|1,w|1,w|1,w|1,w|1,w|1,w|1,w|1,w|1,w|1,w|1,w|1,w|1,w|1,w|1,w|1,w|1,w|1,w|1,w|1,w|1,w|1,w|1,w|1,w|1,w|1,w|1,w|1,w|1,w|1,w|1,w|1,w|1,w|1,w|1,w|1,w|1,w|1,w|1,w|1,w|1,w|1,w|1,w|1,w|1,w|1,w|1,w|1,w|1,w|1,w|1,w|1,w|1,w|1,w|1,w|1,w|1,w|1,w|1,w|1,w|1,w|1,w|1,w|1,w|1,w|1,w|1,w|1,w|1,w|1,w|1,w|1,w|1,w|1,w|1,w|1,w|1,w|1,w|1,w|1,w|1,w|1,w|1,w|1,w|1,w|1,w|1,w|1,w|1,w|1,w|1,w|1,w|1,w|1,w|1,w|1,w|1,w|1,w|1,w|1,w|1,w|1,w|1,w|1,w|1,w|1,w|1,w|1,w|1,w|1,w|1,w|1,w|1,backwall,backwall,enemy|dinosaur|backwall,backwall,backwall,backwall,backwall,backwall,backwall,backwall,backwall,backwall,backwall,backwall,w|1,w|1,w|1,w|1,w|1,w|1,w|1,w|1,w|1,w|1,w|1,,,,,,,,,,,,,,,,,,,,,,,,,,,,,,,,,,,,,,,,,,,,,,,,,,,,,,,,,,,,,,,,,,,,,,,,,,,,,,,,,,,,,,,,,,,,,,,,,,,,,,,,,,,,,,,,,,,,,,,,,,,,,,,,,,,,,,,,,,,,,,,,,,,,,,,,,,,,,,,,,,,,,,,,,,,,,,,,,,,,,,,,,,,,,,,w|1
w|1,,,,,,,,,,,,,,,,,,,,,,,,,,,,,,,,,,,,,,,,,,,,,,,,,,,,,,,,,,,,,,,,,,,,,,,,,,,,,,,,,,,,,,,,w|1,w|1,w|1,w|1,,,,,,,,,,,,,,,,,,,,,,,,,,,,,,,,,,,,,,,,,,,,,,,,,,,,,,,,,,,,,,,,,,,,,,,,,,,,,,,,,,,,,,w|1,w|1,w|1,w|1,w|1,w|1,w|1,w|1,w|1,w|1,w|1,w|1,w|1,w|1,w|1,w|1,w|1,w|1,w|1,w|1,backwall,backwall,backwall,w|1,w|1,w|1,w|1,w|1,w|1,w|1,w|1,w|1,w|1,w|1,,,,,,,,,,,,,,,,,,,,,,,,,,,,,,,,,,,,,,,,,,,,,,,,,,,,,,,,,,,,,,,,,,,,,,,,,,,,,,,,,,,,,,,,,,,,,,,,,,,,,,,,,,,,,,,,,,,,,,,,,,,,,,,,,,,,,,,,,,,,,,,,,,,,,,,,,,,,,,,,,,,,,,,,,,,,,,,,,,,,,,,,,,,,,,,w|1
w|1,,,,,,,,,,,,,,,,,,,,,,,,,,,,,,,,,,,,,,,,,,,,,,,,,,,,,,,,,,,,,,,,,,,,,,,,,,,,,,,,,,,,,,,,w|1,w|1,w|1,w|1,,,,,,,,,,,,,,,,,,,,,,,,,,,,,,,,,,,,,,,,,,,,,,,,,,,,,,,,,,,,,,,,,,,,,,,,,,,,,,,,,,,,,,,w|1,w|1,w|1,w|1,w|1,w|1,w|1,backwall,backwall,backwall,backwall,backwall,backwall,backwall,backwall,backwall,backwall,backwall,backwall,backwall,backwall,backwall,w|1,w|1,w|1,w|1,w|1,w|1,w|1,w|1,w|1,w|1,w|1,,,,,,,,,,,,,,,,,,,,,,,,,,,,,,,,,,,,,,,,,,,,,,,,,,,,,,,,,,,,,,,,,,,,,,,,,,,,,,,,,,,,,,,,,,,,,,,,,,,,,,,,,,,,,,,,,,,,,,,,,,,,,,,,,,,,,,,,,,,,,,,,,,,,,,,,,,,,,,,,,,,,,,,,,,,,,,,,,,,,,,,,,,,,,,,w|1
w|1,,,,,,,,,,,,,,,,,,,,,,,,,,,,,,,,,,,,,,,,,,,,,,,,,,,,,,,,,,,,,,,,,,,,,,,,,,,,,,,,,,,,,,,,w|1,w|1,w|1,w|1,,,,,,,,,,,,,,,,,,,,,,,,,,,,,,,,,,,,,,,,,,,,,,,,,,,,,,,,,,,,,,,,,,,,,,,,,,,,,,,,,,,,,,,,w|1,w|1,w|1,w|1,w|1,w|1,backwall,backwall,backwall,backwall,backwall,backwall,backwall,backwall,backwall,backwall,backwall,backwall,backwall,backwall,backwall,w|1,w|1,w|1,w|1,w|1,w|1,w|1,w|1,w|1,w|1,w|1,,,,,,,,,,,,,,,,,,,,,,,,,,,,,,,,,,,,,,,,,,,,,,,,,,,,,,,,,,,,,,,,,,,,,,,,,,,,,,,,,,,,,,,,,,,,,,,,,,,,,,,,,,,,,,,,,,,,,,,,,,,,,,,,,,,,,,,,,,,,,,,,,,,,,,,,,,,,,,,,,,,,,,,,,,,,,,,,,,,,,,,,,,,,,,,w|1
w|1,,,,,,,,,,,,,,,,,,,,,,,,,,,,,,,,,,,,,,,,,,,,,,,,,,,,,,,,,,,,,,,,,,,,,,,,,,,,,,,,,,,,,,,,w|1,w|1,w|1,w|1,,,,,,,,,,,,,,,,,,,,,,,,,,,,,,,,,,,,,,,,,,,,,,,,,,,,,,,,,,,,,,,,,,,,,,,,,,,,,,,,,,,,,,,,,w|1,w|1,w|1,w|1,w|1,backwall,backwall,backwall,backwall,backwall,backwall,backwall,backwall,backwall,backwall,backwall,backwall,backwall,backwall,w|1,w|1,w|1,w|1,w|1,w|1,w|1,w|1,w|1,w|1,w|1,w|1,,,,,,,,,,,,,,,,,,,,,,,,,,,,,,,,,,,,,,,,,,,,,,,,,,,,,,,,,,,,,,,,,,,,,,,,,,,,,,,,,,,,,,,,,,,,,,,,,,,,,,,,,,,,,,,,,,,,,,,,,,,,,,,,,,,,,,,,,,,,,,,,,,,,,,,,,,,,,,,,,,,,,,,,,,,,,,,,,,,,,,,,,,,,,,,w|1
w|1,,,,,,,,,,,,,,,,,,,,,,,,,,,,,,,,,,,,,,,,,,,,,,,,,,,,,,,,,,,,,,,,,,,,,,,,,,,,,,,,,,,,,,,,w|1,w|1,w|1,w|1,,,,,,,,,,,,,,,,,,,,,,,,,,,,,,,,,,,,,,,,,,,,,,,,,,,,,,,,,,,,,,,,,,,,,,,,,,,,,,,,,,,,,,,,,,w|1,w|1,w|1,w|1,backwall,backwall,backwall,backwall,backwall,backwall,backwall,backwall,backwall,backwall,backwall,backwall,backwall,backwall,w|1,w|1,w|1,w|1,w|1,w|1,w|1,w|1,w|1,w|1,w|1,w|1,,,,,,,,,,,,,,,,,,,,,,,,,,,,,,,,,,,,,,,,,,,,,,,,,,,,,,,,,,,,,,,,,,,,,,,,,,,,,,,,,,,,,,,,,,,,,,,,,,,,,,,,,,,,,,,,,,,,,,,,,,,,,,,,,,,,,,,,,,,,,,,,,,,,,,,,,,,,,,,,,,,,,,,,,,,,,,,,,,,,,,,,,,,,,,,w|1
w|1,,,,,,,,,,,,,,,,,,,,,,,,,,,,,,,,,,,,,,,,,,,,,,,,,,,,,,,,,,,,,,,,,,,,,,,,,,,,,,,,,,,,,,,,w|1,w|1,w|1,w|1,,,,,,,,,,,,,,,,,,,,,,,,,,,,,,,,,,,,,,,,,,,,,,,,,,,,,,,,,,,,,,,,,,,,,,,,,,,,,,,,,,,,,,,,,,,w|1,w|1,w|1,backwall,backwall,backwall,backwall,backwall,backwall,backwall,backwall,backwall,backwall,backwall,enemy|dinosaur|backwall,backwall,backwall,w|1,w|1,w|1,w|1,w|1,w|1,w|1,w|1,w|1,w|1,w|1,w|1,,,,,,,,,,,,,,,,,,,,,,,,,,,,,,,,,,,,,,,,,,,,,,,,,,,,,,,,,,,,,,,,,,,,,,,,,,,,,,,,,,,,,,,,,,,,,,,,,,,,,,,,,,,,,,,,,,,,,,,,,,,,,,,,,,,,,,,,,,,,,,,,,,,,,,,,,,,,,,,,,,,,,,,,,,,,,,,,,,,,,,,,,,,,,,,w|1
w|1,,,,,,,,,,,,,,,,,,,,,,,,,,,,,,,,,,,,,,,,,,,,,,,,,,,,,,,,,,,,,,,,,,,,,,,,,,,,,,,,,,,,,,,,w|1,w|1,w|1,w|1,,,,,,,,,,,,,,,,,,,,,,,,,,,,,,,,,,,,,,,,,,,,,,,,,,,,,,,,,,,,,,,,,,,,,,,,,,,,,,,,,,,,,,,,,,,,w|1,w|1,backwall,backwall,w|1,w|1,w|1,w|1,w|1,w|1,w|1,w|1,w|1,w|1,w|1,w|1,w|1,w|1,w|1,w|1,w|1,w|1,w|1,w|1,w|1,w|1,w|1,w|1,,,,,,,,,,,,,,,,,,,,,,,,,,,,,,,,,,,,,,,,,,,,,,,,,,,,,,,,,,,,,,,,,,,,,,,,,,,,,,,,,,,,,,,,,,,,,,,,,,,,,,,,,,,,,,,,,,,,,,,,,,,,,,,,,,,,,,,,,,,,,,,,,,,,,,,,,,,,,,,,,,,,,,,,,,,,,,,,,,,,,,,,,,,,,,,w|1
w|1,,,,,,,,,,,,,,,,,,,,,,,,,,,,,,,,,,,,,,,,,,,,,,,,,,,,,,,,,,,,,,,,,,,,,,,,,,,,,,,,,,,,,,,,w|1,w|1,w|1,w|1,,,,,,,,,,,,,,,,,,,,,,,,,,,,,,,,,,,,,,,,,,,,,,,,,,,,,,,,,,,,,,,,,,,,,,,,,,,,,,,,,,,,,,,,,,,,,w|1,backwall,backwall,backwall,backwall,backwall,backwall,backwall,backwall,backwall,backwall,backwall,backwall,backwall,backwall,backwall,w|1,w|1,w|1,w|1,w|1,w|1,w|1,w|1,w|1,w|1,w|1,,,,,,,,,,,,,,,,,,,,,,,,,,,,,,,,,,,,,,,,,,,,,,,,,,,,,,,,,,,,,,,,,,,,,,,,,,,,,,,,,,,,,,,,,,,,,,,,,,,,,,,,,,,,,,,,,,,,,,,,,,,,,,,,,,,,,,,,,,,,,,,,,,,,,,,,,,,,,,,,,,,,,,,,,,,,,,,,,,,,,,,,,,,,,,,w|1
w|1,,,,,,,,,,,,,,,,,,,,,,,,,,,,,,,,,,,,,,,,,,,,,,,,,,,,,,,,,,,,,,,,,,,,,,,,,,,,,,,,,,,,,,,,w|1,w|1,w|1,w|1,,,,,,,,,,,,,,,,,,,,,,,,,,,,,,,,,,,,,,,,,,,,,,,,,,,,,,,,,,,,,,,,,,,letter|Скинь бочку на противника.,,,,,,,,,,,,,,,,,,,,,,,,,,w|1,backwall,backwall,backwall,backwall,backwall,backwall,backwall,backwall,backwall,backwall,backwall,backwall,backwall,backwall,backwall,w|1,w|1,w|1,w|1,w|1,w|1,w|1,w|1,w|1,w|1,w|1,,,,,,,,,,,,,,,,,,,,,,,,,,,,,,,,,,,,,,,,,,,,,,,,,,,,,,,,,,,,,,,,,,,,,,,,,,,,,,,,,,,,,,,,,,,,,,,,,,,,,,,,,,,,,,,,,,,,,,,,,,,,,,,,,,,,,,,,,,,,,,,,,,,,,,,,,,,,,,,,,,,,,,,,,,,,,,,,,,,,,,,,,,,,,,,w|1
w|1,,,,,,,,,,,,,,,,,,,,,,,,,,,,,,,,,,,,,,,,,,,,,,,,,,,,,,,,,,,,,,,,,,,,,,,,,,,,,,,,,,,,,,,,w|1,w|1,w|1,w|1,,,,,,,,,,,,,,,,,,,,,,,,,,,,,,,,,,,,,,,,,,,,,,,,,,,,,,,,,,,,,,,,,,,,,,,,,,,,,,,,,,,,,,,,,,,,,w|1,w|1,backwall,backwall,backwall,backwall,backwall,backwall,backwall,backwall,backwall,backwall,backwall,backwall,backwall,backwall,w|1,w|1,w|1,w|1,w|1,w|1,w|1,w|1,w|1,w|1,w|1,,,,,,,,,,,,,,,,,,,,,,,,,,,,,,,,,,,,,,,,,,,,,,,,,,,,,,,,,,,,,,,,,,,,,,,,,,,,,,,,,,,,,,,,,,,,,,,,,,,,,,,,,,,,,,,,,,,,,,,,,,,,,,,,,,,,,,,,,,,,,,,,,,,,,,,,,,,,,,,,,,,,,,,,,,,,,,,,,,,,,,,,,,,,,,,w|1
w|1,,,,,,,,,,,,,,,,,,,,,,,,,,,,,,,,,,,,,,,,,,,,,,,,,,,,,,,,,,,,,,,,,,,,,,,,,,,,,,,,,,,,,,,,w|1,w|1,w|1,w|1,,,,,,,,,,,,,,,,,,,,,,,,,,,,,,,,,,,,,,,,,backside|grass1,,backside|grass2,,backside|grass3,,backside|grass4,,backside|grass5,,backside|grass6,,backside|grass7,,backside|grass8,,backside|grass9,,,,backside|willow1,,,,,,,,,,,,,,,,,,,,,,,,,,,,,,,,w|1,w|1,backwall,backwall,backwall,backwall,backwall,backwall,backwall,backwall,backwall,backwall,backwall,backwall,backwall,backwall,w|1,w|1,w|1,w|1,w|1,w|1,w|1,w|1,w|1,w|1,w|1,,,,,,,,,,,,,,,,,,,,,,,,,,,,,,,,,,,,,,,,,,,,,,,,,,,,,,,,,,,,,,,,,,,,,,,,,,,,,,,,,,,,,,,,,,,,,,,,,,,,,,,,,,,,,,,,,,,,,,,,,,,,,,,,,,,,,,,,,,,,,,,,,,,,,,,,,,,,,,,,,,,,,,,,,,,,,,,,,,,,,,,,,,,,,,,w|1
w|1,,,,,,,,,,,,,,,,,,,,,,,,,,,,,,,,,,,,,,,,,,,,,,,,,,,,,,,,,,,,,,,,,,,,,,,,,,,,,,,,,,,,,,,,w|1,w|1,w|1,w|1,,,,,,,,,,,,,,,,,,,,,,,,,,,,,,,,,,,,,,,,w|1,w|1,w|1,w|1,w|1,w|1,w|1,w|1,w|1,w|1,w|1,w|1,w|1,w|1,w|1,w|1,w|1,w|1,w|1,w|1,w|1,w|1,w|1,w|1,,,,,,,,,,,,,,,,,,,,,,,,,,,,,,w|1,w|1,backwall,backwall,enemy|dinosaur|backwall,backwall,backwall,backwall,backwall,backwall,backwall,chest|1|backwall,backwall,backwall,backwall,backwall,w|1,w|1,w|1,w|1,w|1,w|1,w|1,w|1,w|1,w|1,w|1,,,,,,,,,,,,,,,,,,,,,,,,,,,,,,,,,,,,,,,,,,,,,,,,,,,,,,,,,,,,,,,,,,,,,,,,,,,,,,,,,,,,,,,,,,,,,,,,,,,,,,,,,,,,,,,,,,,,,,,,,,,,,,,,,,,,,,,,,,,,,,,,,,,,,,,,,,,,,,,,,,,,,,,,,,,,,,,,,,,,,,,,,,,,,,,w|1
w|1,,,,,,,,,,,,,,,,,,,,,,,,,,,,,,,,,,,,,,,,,,,,,,,,,,,,,,,,,,,,,,,,,,,,,,,,,,,,,,,,,,,,,,,,w|1,w|1,w|1,w|1,,,,,,,,,,,,,,,,,,,,,,,,,,,,,,,,,,,,,,,,w|1,backwall,backwall,backwall,backwall,backwall,backwall,backwall,backwall,backwall,backwall,backwall,backwall,backwall,backwall,backwall,backwall,backwall,backwall,backwall,backwall,backwall,backwall,backwall,,,,,,,,,,,,,,,,,,,,,,,,,,,,,,w|1,w|1,w|1,w|1,w|1,w|1,w|1,w|1,w|1,w|1,w|1,w|1,w|1,backwall,backwall,backwall,w|1,w|1,w|1,w|1,w|1,w|1,w|1,w|1,w|1,w|1,w|1,,,,,,,,,,,,,,,,,,,,,,,,,,,,,,,,,,,,,,,,,,,,,,,,,,,,,,,,,,,,,,,,,,,,,,,,,,,,,,,,,,,,,,,,,,,,,,,,,,,,,,,,,,,,,,,,,,,,,,,,,,,,,,,,,,,,,,,,,,,,,,,,,,,,,,,,,,,,,,,,,,,,,,,,,,,,,,,,,,,,,,,,,,,,,,,w|1
w|1,,,,,,,,,,,,,,,,,,,,,,,,,,,,,,,,,,,,,,,,,,,,,,,,,,,,,,,,,,,,,,,,,,,,,,,,,,,,,,,,,,,,,,,,w|1,w|1,w|1,w|1,,,,,,,,,,,,,,,,,,,,,,,,,,,,,,,,,,,,,,,,w|1,backwall,backwall,backwall,backwall,backwall,backwall,backwall,backwall,backwall,backwall,backwall,backwall,backwall,backwall,backwall,backwall,backwall,backwall,backwall,backwall,stone|-1|backwall,backwall,backwall,,,,,,,,,,,,,,,,,,,,,,,,,,,,,,w|1,backwall,backwall,backwall,backwall,backwall,backwall,backwall,backwall,backwall,backwall,backwall,backwall,backwall,backwall,backwall,w|1,w|1,w|1,w|1,w|1,w|1,w|1,w|1,w|1,w|1,w|1,,,,,,,,,,,,,,,,,,,,,,,,,,,,,,,,,,,,,,,,,,,,,,,,,,,,,,,,,,,,,,,,,,,,,,,,,,,,,,,,,,,,,,,,,,,,,,,,,,,,,,,,,,,,,,,,,,,,,,,,,,,,,,,,,,,,,,,,,,,,,,,,,,,,,,,,,,,,,,,,,,,,,,,,,,,,,,,,,,,,,,,,,,,,,,,w|1
w|1,,,,,,,,,,,,,,,,,,,,,,,,,,,,,,,,,,,,,,,,,,,,,,,,,,,,,,,,,,,,,,,,,,,,,,,,,,,,,,,,,,,,,,,,w|1,w|1,w|1,w|1,,,,,,,,,,,,,,,,,,,,,,,,,,,,,,,,,,,,,,,,w|1,backwall,backwall,backwall,backwall,backwall,backwall,backwall,backwall,backwall,backwall,enemy|dinosaur|backwall,backwall,backwall,backwall,backwall,backwall,backwall,backwall,backwall,backwall,backwall,backwall,backwall,,,,i|1,,,,,,,,,,,,,,,,,,,,,,,,,,w|1,backwall,backwall,backwall,backwall,backwall,backwall,backwall,backwall,backwall,backwall,backwall,backwall,backwall,backwall,backwall,w|1,w|1,w|1,w|1,w|1,w|1,w|1,w|1,w|1,w|1,w|1,,,,,,,,,,,,,,,,,,,,,,,,,,,,,,,,,,,,,,,,,,,,,,,,,,,,,,,,,,,,,,,,,,,,,,,,,,,,,,,,,,,,,,,,,,,,,,,,,,,,,,,,,,,,,,,,,,,,,,,,,,,,,,,,,,,,,,,,,,,,,,,,,,,,,,,,,,,,,,,,,,,,,,,,,,,,,,,,,,,,,,,,,,,,,,,w|1
w|1,,,,,,,,,,,,,,,,,,,,,,,,,,,,,,,,,,,,,,,,,,,,,,,,,,,,,,,,,,,,,,,,,,,,,,,,,,,,,,,,,,,,,,,,w|1,w|1,w|1,w|1,,,,,,,,,,,,,,,,,,,,,,,,,,,,,,,,,,,,,,,,w|1,backwall,backwall,backwall,w|1,w|1,w|1,w|1,w|1,w|1,w|1,w|1,w|1,w|1,w|1,w|1,w|1,w|1,w|1,w|1,w|1,w|1,w|1,w|1,w|1,w|1,w|1,w|1,w|1,,,,,,,,,,,,,,,,,,,,,,,,,w|1,backwall,backwall,backwall,backwall,backwall,backwall,backwall,backwall,backwall,backwall,backwall,backwall,backwall,backwall,w|1,w|1,w|1,w|1,w|1,w|1,w|1,w|1,w|1,w|1,w|1,w|1,,,,,,,,,,,,,,,,,,,,,,,,,,,,,,,,,,,,,,,,,,,,,,,,,,,,,,,,,,,,,,,,,,,,,,,,,,,,,,,,,,,,,,,,,,,,,,,,,,,,,,,,,,,,,,,,,,,,,,,,,,,,,,,,,,,,,,,,,,,,,,,,,,,,,,,,,,,,,,,,,,,,,,,,,,,,,,,,,,,,,,,,,,,,,,,w|1
w|1,,,,,,,,,,,,,,,,,,,,,,,,,,,,,,,,,,,,,,,,,,,,,,,,,,,,,,,,,,,,,,,,,,,,,,,,,,,,,,,,,,,,,,,,w|1,w|1,w|1,w|1,,,,,,,,,,,,,,,,,,,,,,,,,,,,,,,,,,,,,,,,w|1,backwall,backwall,backwall,backwall,backwall,w|1,w|1,w|1,w|1,w|1,w|1,w|1,w|1,w|1,w|1,w|1,w|1,w|1,w|1,w|1,w|1,w|1,w|1,w|1,w|1,w|1,w|1,w|1,,,,,,,,,,,,,,,,,,,,,,,,,w|1,backwall,backwall,backwall,backwall,backwall,backwall,backwall,backwall,backwall,backwall,backwall,backwall,backwall,backwall,w|1,w|1,w|1,w|1,w|1,w|1,w|1,w|1,w|1,w|1,w|1,w|1,,,,,,,,,,,,,,,,,,,,,,,,,,,,,,,,,,,,,,,,,,,,,,,,,,,,,,,,,,,,,,,,,,,,,,,,,,,,,,,,,,,,,,,,,,,,,,,,,,,,,,,,,,,,,,,,,,,,,,,,,,,,,,,,,,,,,,,,,,,,,,,,,,,,,,,,,,,,,,,,,,,,,,,,,,,,,,,,,,,,,,,,,,,,,,,w|1
w|1,,,,,,,,,,,,,,,,,,,,,,,,,,,,,,,,,,,,,,,,,,,,,,,,,,,,,,,,,,,,,,,,,,,,,,,,,,,,,,,,,,,,,,,,w|1,w|1,w|1,w|1,,,,,,,,,,,,,,,,,,,,,,,,,,,,,,,,,,,,,,,,w|1,w|1,w|1,backwall,backwall,backwall,w|1,w|1,w|1,w|1,w|1,w|1,w|1,w|1,w|1,w|1,w|1,w|1,w|1,w|1,w|1,w|1,w|1,w|1,w|1,w|1,w|1,w|1,w|1,,,,,,,,,,,,,,,,,,,,,,,,,w|1,backwall,backwall,backwall,backwall,backwall,backwall,backwall,backwall,backwall,backwall,backwall,enemy|dinosaur|backwall,backwall,backwall,w|1,w|1,w|1,w|1,w|1,w|1,w|1,w|1,w|1,w|1,w|1,w|1,,,,,,,,,,,,,,,,,,,,,,,,,,,,,,,,,,,,,,,,,,,,,,,,,,,,,,,,,,,,,,,,,,,,,,,,,,,,,,,,,,,,,,,,,,,,,,,,,,,,,,,,,,,,,,,,,,,,,,,,,,,,,,,,,,,,,,,,,,,,,,,,,,,,,,,,,,,,,,,,,,,,,,,,,,,,,,,,,,,,,,,,,,,,,,,w|1
w|1,,,,,,,,,,,,,,,,,,,,,,,,,,,,,,,,,,,,,,,,,,,,,,,,,,,,,,,,,letter|Возможно здесь следует проделать туннель.-Кто бы это сделал?,,,,,,,,,,,,,,,,,,,,,,,letter|Сдвинь бочку к стене и выстрели в неё.,,,,,,,,w|1,w|1,w|1,w|1,,,,,,,,,,,,,,,,,,,,,,,,,,,,,,,,,,,,,,,,w|1,backwall,backwall,backwall,backwall,backwall,w|1,w|1,w|1,w|1,w|1,w|1,w|1,w|1,w|1,w|1,w|1,w|1,w|1,w|1,w|1,w|1,w|1,w|1,w|1,w|1,w|1,w|1,w|1,,,,,,,,,,,,,,,,,,,,,,,,,w|1,backwall,backwall,backwall,w|1,w|1,w|1,w|1,w|1,w|1,w|1,w|1,w|1,w|1,w|1,w|1,w|1,w|1,w|1,w|1,w|1,w|1,w|1,w|1,w|1,w|1,w|1,,,,,,,,,,,,,,,,,,,,,,,,,,,,,,,,,,,,,,,,,,,,,,,,,,,,,,,,,,,,,,,,,,,,,,,,,,,,,,,,,,,,,,,,,,,,,,,,,,,,,,,,,,,,,,,,,,,,,,,,,,,,,,,,,,,,,,,,,,,,,,,,,,,,,,,,,,,,,,,,,,,,,,,,,,,,,,,,,,,,,,,,,,,,,,,w|1
w|1,,,,,,,,,,,,,,,,,,,,,,,,,,,,,,,,,,,,,,,,,,,,,,,,,,,,,,,,,,,,,,,,,,,,,,,,,,,,,,,,,,,,,,,,w|1,w|1,w|1,w|1,,,,,,,,,,,,,,,,,,,,,,,,,,,,,,,,,,,,,,,,w|1,backwall,backwall,backwall,w|1,w|1,w|1,w|1,w|1,w|1,w|1,w|1,w|1,w|1,w|1,w|1,w|1,w|1,w|1,w|1,w|1,w|1,w|1,w|1,w|1,w|1,w|1,w|1,w|1,,,,,,,,,,,,,,,,,,,,,,,,,w|1,backwall,backwall,backwall,backwall,backwall,backwall,backwall,backwall,backwall,backwall,backwall,backwall,backwall,backwall,backwall,w|1,w|1,w|1,w|1,w|1,w|1,w|1,w|1,w|1,w|1,w|1,,,,,,,,,,,,,,,,,,,,,,,,,,,,,,,,,,,,,,,,,,,,,,,,,,,,,,,,,,,,,,,,,,,,,,,,,,,,,,,,,,,,,,,,,,,,,,,,,,,,,,,,,,,,,,,,,,,,,,,,,,,,,,,,,,,,,,,,,,,,,,,,,,,,,,,,,,,,,,,,,,,,,,,,,,,,,,,,,,,,,,,,,,,,,,,w|1
w|1,,,,,,,,,,,,,,,,,,,,,,,,,,,,,,,,stone|-1,,,,,,,,,,,,,,,,enemy|troll,,,,,,,,,,,,,,,,,,,,,,,,,,,,stone|-1,,,,,,,,,,,,w|1,w|1,w|1,w|1,,,,,,,,,,,,,,,,,,,,,,,,,,,,,,,,,,,,,,,,w|1,backwall,backwall,backwall,backwall,backwall,w|1,w|1,w|1,w|1,w|1,w|1,w|1,w|1,w|1,w|1,w|1,w|1,w|1,w|1,w|1,w|1,w|1,w|1,w|1,w|1,w|1,w|1,w|1,,enemy|dinosaur,,,enemy|dinosaur,,,,,,,,,,,,,,,,,,,,w|1,backwall,backwall,backwall,backwall,backwall,backwall,backwall,backwall,backwall,backwall,backwall,backwall,backwall,backwall,backwall,w|1,w|1,w|1,w|1,w|1,w|1,w|1,w|1,w|1,w|1,w|1,,,,,,,,,,,,,,,,,,,,,,,,,,,,,,,,,,,,,,,,,,,,,,,,,,,,,,,,,,,,,,,,,,,,,,,,,,,,,,,,,,,,,,,,,,,,,,,,,,,,,,,,,,,,,,,,,,,,,,,,,,,,,,,,,,,,,,,,,,,,,,,,,,,,,,,,,,,,,,,,,,,,,,,,,,,,,,,,,,,,,,,,,,,,,,,w|1
w|1,,,,,,,,,,,,,,,,,,,,,,,,,,,,,,,,,,,,backside|bush9,,,backside|bush5,,,enemy|dinosaur,,,backside|bush1,,,,,backside|grass5,,,,enemy|dinosaur,,,backside|pointer1,,,,,,,backside|tree1,,,,,,,,,,,,,,,i|1,,,enemy|random,,enemy|random,,backside|pointer1,,w|1,w|1,w|1,w|1,,,,,,,,,,,,,,,,,,,,,,,,,,,,,,,,,,,,,,,,w|1,w|1,w|1,backwall,backwall,backwall,w|1,w|1,w|1,w|1,w|1,w|1,w|1,w|1,w|1,w|1,w|1,w|1,w|1,w|1,w|1,w|1,w|1,w|1,w|1,w|1,w|1,w|1,w|1,w|1,w|1,w|1,w|1,w|1,w|1,,,,,,,,,,,,,,,,,,,w|1,w|1,backwall,backwall,backwall,backwall,backwall,backwall,backwall,backwall,backwall,backwall,backwall,backwall,backwall,backwall,w|1,w|1,w|1,w|1,w|1,w|1,w|1,w|1,w|1,w|1,w|1,,,,,,,,,,,,,,,,,,,,,,,,,,,,,,,,,,,,,,,,,,,,,,,,,,,,,,,,,,,,,,,,,,,,,,,,,,,,,,,,,,,,,,,,,,,,,,,,,,,,,,,,,,,,,,,,,,,,,,,,,,,,,,,,,,,,,,,,,,,,,,,,,,,,,,,,,,,,,,,,,,,,,,,,,,,,,,,,,,,,,,,,,,,,,,,w|1
w|1,,,,,,,,,,,,,letter|Это история искателя приключений.,,,,,,,,,,,,,,,,,,w|1,w|1,w|1,w|1,w|1,w|1,w|1,w|1,w|1,w|1,w|1,w|1,w|1,w|1,w|1,w|1,w|1,w|1,w|1,w|1,w|1,w|1,w|1,w|1,w|1,w|1,w|1,,,,,,,w|1,w|1,w|1,w|1,w|1,w|1,w|1,w|1,w|1,w|1,w|1,w|1,w|1,w|1,w|1,w|1,w|1,w|1,w|1,w|1,w|1,w|1,w|1,w|1,w|1,w|1,w|1,w|1,,,,,,,,,,,,,,,,,,,,,,,,,,,,,,,,,,,,,,,,w|1,backwall,backwall,backwall,backwall,backwall,w|1,w|1,w|1,w|1,w|1,w|1,w|1,w|1,w|1,w|1,w|1,w|1,w|1,w|1,w|1,w|1,w|1,w|1,w|1,w|1,w|1,w|1,w|1,w|1,w|1,w|1,w|1,w|1,w|1,,,,,,,,,,,,,,,,,,,w|1,w|1,backwall,backwall,backwall,backwall,backwall,backwall,backwall,backwall,backwall,backwall,backwall,backwall,backwall,backwall,w|1,w|1,w|1,w|1,w|1,w|1,w|1,w|1,w|1,w|1,w|1,,,,,,,,,,,,,,,,,,,,,,,,,,,,,,,,,,,,,,,,,,,,,,,,,,,,,,,,,,,,,,,,,,,,,,,,,,,,,,,,,,,,,,,,,,,,,,,,,,,,,,,,,,,,,,,,,,,,,,,,,,,,,,,,,,,,,,,,,,,,,,,,,,,,,,,,,,,,,,,,,,,,,,,,,,,,,,,,,,,,,,,,,,,,,,,w|1
w|1,,,,,,,,,,,,,,,,,,,,,,,,,,,,,w|1,w|1,w|1,w|1,w|1,w|1,w|1,w|1,w|1,w|1,w|1,w|1,w|1,w|1,w|1,w|1,w|1,w|1,w|1,w|1,w|1,w|1,w|1,w|1,w|1,w|1,w|1,w|1,w|1,,,,,,,w|1,w|1,w|1,w|1,w|1,w|1,w|1,w|1,w|1,w|1,w|1,w|1,w|1,w|1,w|1,w|1,w|1,w|1,w|1,w|1,w|1,w|1,w|1,w|1,w|1,w|1,w|1,w|1,,,,,,,,,,,,,,,,,,,,,,,,,,,,,,,,,,,,,,,,w|1,backwall,backwall,backwall,w|1,w|1,w|1,w|1,w|1,w|1,w|1,w|1,w|1,w|1,w|1,w|1,w|1,w|1,w|1,w|1,w|1,w|1,w|1,w|1,w|1,w|1,w|1,w|1,w|1,w|1,w|1,w|1,w|1,w|1,w|1,,,,,,,,,,,,,,,,,,,w|1,w|1,backwall,enemy|dinosaur|backwall,backwall,backwall,backwall,backwall,backwall,backwall,backwall,backwall,backwall,backwall,backwall,backwall,w|1,w|1,w|1,w|1,w|1,w|1,w|1,w|1,w|1,w|1,w|1,,,,,,,,,,,,,,,,,,,,,,,,,,,,,,,,,,,,,,,,,,,,,,,,,,,,,,,,,,,,,,,,,,,,,,,,,,,,,,,,,,,,,,,,,,,,,,,,,,,,,,,,,,,,,,,,,,,,,,,,,,,,,,,,,,,,,,,,,,,,,,,,,,,,,,,,,,,,,,,,,,,,,,,,,,,,,,,,,,,,,,,,,,,,,,,w|1
w|1,,p|1,,,,,,,,,,,,,,,,,,,,,,,,,w|1,w|1,w|1,w|1,w|1,w|1,w|1,w|1,w|1,w|1,w|1,w|1,w|1,w|1,w|1,w|1,w|1,w|1,w|1,w|1,w|1,w|1,w|1,w|1,w|1,w|1,w|1,w|1,w|1,w|1,w|1,,,,,,,w|1,w|1,w|1,w|1,w|1,w|1,w|1,w|1,w|1,w|1,w|1,w|1,w|1,w|1,w|1,w|1,w|1,w|1,w|1,w|1,w|1,w|1,w|1,w|1,w|1,w|1,w|1,w|1,,,,,,,,,,,,,,,,,,,,,,,,,,,,,,,,,,,,,,,,w|1,backwall,backwall,backwall,backwall,backwall,w|1,w|1,w|1,w|1,w|1,w|1,w|1,w|1,w|1,w|1,w|1,w|1,w|1,w|1,w|1,w|1,w|1,w|1,w|1,w|1,w|1,w|1,w|1,w|1,w|1,w|1,w|1,w|1,w|1,,,,,,,,,,,,,,,,,,,w|1,w|1,w|1,w|1,w|1,w|1,w|1,w|1,w|1,w|1,w|1,w|1,w|1,backwall,backwall,backwall,w|1,w|1,w|1,w|1,w|1,w|1,w|1,w|1,w|1,w|1,w|1,,,,,,,,,,,,,,,,,,,,,,,,,,,,,,,,,,,,,,,,,,,,,,,,,,,,,,,,,,,,,,,,,,,,,,,,,,,,,,,,,,,,,,,,,,,,,,,,,,,,,,,,,,,,,,,,,,,,,,,,,,,,,,,,,,,,,,,,,,,,,,,,,,,,,,,,,,,,,,,,,,,,,,,,,,,,,,,,,,,,,,,,,,,,,,,w|1
w|1,,,,,,,,,,,,,,,,,,,,,,,,,w|1,w|1,w|1,w|1,w|1,w|1,w|1,w|1,w|1,w|1,w|1,w|1,w|1,w|1,w|1,backwall,backwall,backwall,backwall,backwall,backwall,w|1,w|1,w|1,w|1,w|1,w|1,w|1,w|1,w|1,w|1,w|1,w|1,,,,,,w|1,w|1,w|1,w|1,w|1,w|1,w|1,w|1,w|1,w|1,w|1,w|1,w|1,w|1,w|1,w|1,w|1,w|1,w|1,w|1,w|1,w|1,w|1,w|1,w|1,w|1,w|1,w|1,w|1,,,,,,,,,,,,,,,,,,,,,,,,,,,,,,,,,,,,,,,,w|1,w|1,w|1,backwall,backwall,backwall,w|1,w|1,w|1,w|1,w|1,w|1,w|1,w|1,w|1,w|1,w|1,w|1,w|1,w|1,w|1,w|1,w|1,w|1,w|1,w|1,w|1,w|1,w|1,w|1,w|1,w|1,w|1,w|1,w|1,,,,,,,,,,,,,,,,,,,backwall,backwall,backwall,backwall,backwall,backwall,backwall,backwall,backwall,backwall,backwall,backwall,backwall,backwall,backwall,backwall,w|1,w|1,w|1,w|1,w|1,w|1,w|1,w|1,w|1,w|1,w|1,,,,,,,,,,,,,,,,,,,,,,,,,,,,,,,,,,,,,,,,,,,,,,,,,,,,,,,,,,,,,,,,,,,,,,,,,,,,,,,,,,,,,,,,,,,,,,,,,,,,,,,,,,,,,,,,,,,,,,,,,,,,,,,,,,,,,,,,,,,,,,,,,,,,,,,,,,,,,,,,,,,,,,,,,,,,,,,,,,,,,,,,,,,,,,,w|1
w|1,w|1,w|1,,,,,,,,enemy|troll,,,,,,,,,,,,,w|1,w|1,w|1,w|1,w|1,w|1,w|1,w|1,w|1,w|1,w|1,w|1,w|1,w|1,w|1,w|1,w|1,backwall,backwall,backwall,backwall,backwall,backwall,w|1,w|1,w|1,w|1,w|1,w|1,w|1,w|1,w|1,w|1,w|1,w|1,,,,,,w|1,w|1,w|1,w|1,w|1,w|1,w|1,w|1,w|1,w|1,w|1,w|1,w|1,w|1,w|1,w|1,w|1,w|1,w|1,w|1,w|1,w|1,w|1,w|1,w|1,w|1,w|1,w|1,w|1,,,,,,,enemy|dinosaur,,,backside|ridge4,,,,enemy|random,,,,,,,,,,,,,,,,,,,,,,,,,,w|1,backwall,backwall,backwall,backwall,backwall,w|1,w|1,w|1,w|1,w|1,w|1,w|1,w|1,w|1,w|1,w|1,w|1,w|1,w|1,w|1,w|1,w|1,w|1,w|1,w|1,w|1,w|1,w|1,w|1,w|1,w|1,w|1,w|1,w|1,,,,chest|1,,,enemy|random,,,,,,,,,,,,backwall,backwall,backwall,backwall,backwall,backwall,backwall,backwall,backwall,backwall,backwall,backwall,backwall,backwall,backwall,backwall,w|1,w|1,w|1,w|1,w|1,w|1,w|1,w|1,w|1,w|1,w|1,,,,,,,,,,,,,,,,,,,,,,,,,,,,,,,,,,,,,,,,,,,,,,,,,,,,,,,,,,,,,,,,,,,,,,,,,,,,,,,,,,,,,,,,,,,,,,,,,,,,,,,,,,,,,,,,,,,,,,,,,,,,,,,,,,,,,,,,,,,,,,,,,,,,,,,,,,,,,,,,,,,,,,,,,,,,,,,,,,,,,,,,,,,,,,,w|1
w|1,w|1,w|1,,,,backside|willow1,,,,,,,enemy|dinosaur,,backside|willow2,,,enemy|random,,,w|1,w|1,w|1,w|1,w|1,w|1,w|1,w|1,w|1,w|1,w|1,w|1,w|1,w|1,w|1,w|1,w|1,w|1,w|1,chest|1|backwall,backwall,backwall,backwall,backwall,backwall,w|1,w|1,w|1,w|1,w|1,w|1,w|1,w|1,w|1,w|1,w|1,w|1,,,,,,w|1,w|1,w|1,w|1,w|1,w|1,w|1,w|1,w|1,w|1,w|1,w|1,w|1,w|1,w|1,w|1,w|1,w|1,w|1,w|1,w|1,w|1,w|1,w|1,w|1,w|1,w|1,w|1,w|1,w|1,w|1,w|1,w|1,w|1,w|1,w|1,w|1,w|1,w|1,w|1,w|1,w|1,w|1,w|1,,,,,,,,,,,,,,,,,,,,,,,,,w|1,backwall,backwall,backwall,w|1,w|1,w|1,w|1,w|1,w|1,w|1,w|1,w|1,w|1,w|1,w|1,w|1,w|1,w|1,w|1,w|1,w|1,w|1,w|1,w|1,w|1,w|1,w|1,w|1,w|1,w|1,w|1,w|1,w|1,w|1,w|1,w|1,w|1,w|1,w|1,w|1,w|1,,,,,,,,,,,,backwall,backwall,backwall,backwall,backwall,backwall,backwall,backwall,backwall,backwall,backwall,backwall,backwall,backwall,backwall,w|1,w|1,w|1,w|1,w|1,w|1,w|1,w|1,w|1,w|1,w|1,w|1,,,,,,,,,,,,,,,,,,,,,,,,,,,,,,,,,,,,,,,,,,,,,,,,,,,,,,,,,,,,,,,,,,,,,,,,,,,,,,,,,,,,,,,,,,,,,,,,,,,,,,,,,,,,,,,,,,,,,,,,,,,,,,,,,,,,,,,,,,,,,,,,,,,,,,,,,,,,,,,,,,,,,,,,,,,,,,,,,,,,,,,,,,,,,,,w|1
w|1,w|1,w|1,w|1,w|1,w|1,w|1,w|1,w|1,w|1,w|1,w|1,w|1,w|1,w|1,w|1,w|1,w|1,w|1,w|1,w|1,w|1,w|1,w|1,w|1,w|1,w|1,w|1,w|1,w|1,w|1,w|1,w|1,w|1,w|1,w|1,w|1,w|1,w|1,w|1,w|1,w|1,backwall,backwall,backwall,backwall,w|1,w|1,w|1,w|1,w|1,w|1,w|1,w|1,w|1,w|1,w|1,w|1,,,,,w|1,w|1,w|1,w|1,w|1,w|1,w|1,w|1,w|1,w|1,w|1,w|1,w|1,w|1,w|1,w|1,w|1,w|1,w|1,w|1,w|1,w|1,w|1,w|1,w|1,w|1,w|1,w|1,w|1,w|1,w|1,w|1,w|1,w|1,w|1,w|1,w|1,w|1,w|1,w|1,w|1,w|1,w|1,w|1,w|1,,,,,,,,,,,,,,,,,,,,,,,,,w|1,backwall,backwall,backwall,backwall,backwall,w|1,w|1,w|1,w|1,w|1,w|1,w|1,w|1,w|1,w|1,w|1,w|1,w|1,w|1,w|1,w|1,w|1,w|1,w|1,w|1,w|1,w|1,w|1,w|1,w|1,w|1,w|1,w|1,w|1,w|1,w|1,w|1,w|1,w|1,w|1,w|1,w|1,w|1,,,,,,,enemy|troll,,,backwall,backwall,backwall,backwall,backwall,backwall,backwall,backwall,backwall,backwall,backwall,backwall,backwall,backwall,backwall,w|1,w|1,w|1,w|1,w|1,w|1,w|1,w|1,w|1,w|1,w|1,w|1,,,,,,,,,,,,,,,,,,,,,,,,,,,,,,,,,,,,,,,,,,,,,,,,,,,,,,,,,,,,,,,,,,,,,,,,,,,,,,,,,,,,,,,,,,,,,,,,,,,,,,,,,,,,,,,,,,,,,,,,,,,,,,,,,,,,,,,,,,,,,,,,,,,,,,,,,,,,,,,,,,,,,,,,,,,,,,,,,,,,,,,,,,,,,,,w|1
w|1,w|1,w|1,w|1,w|1,w|1,w|1,w|1,w|1,w|1,w|1,w|1,w|1,w|1,w|1,w|1,w|1,w|1,w|1,w|1,w|1,w|1,w|1,w|1,w|1,w|1,w|1,w|1,w|1,w|1,w|1,w|1,w|1,w|1,w|1,w|1,w|1,w|1,w|1,w|1,backwall,backwall,backwall,backwall,backwall,backwall,w|1,w|1,w|1,w|1,w|1,w|1,w|1,w|1,w|1,w|1,w|1,w|1,,,,,w|1,w|1,w|1,w|1,w|1,w|1,w|1,w|1,w|1,w|1,w|1,w|1,w|1,w|1,w|1,w|1,w|1,w|1,w|1,w|1,w|1,w|1,w|1,w|1,w|1,w|1,w|1,w|1,w|1,w|1,w|1,w|1,w|1,w|1,w|1,w|1,w|1,w|1,w|1,w|1,w|1,w|1,w|1,w|1,w|1,w|1,,,,,,,,,,,,,,,,,,,,,,,,w|1,w|1,w|1,backwall,backwall,backwall,w|1,w|1,w|1,w|1,w|1,w|1,w|1,w|1,w|1,w|1,w|1,w|1,w|1,w|1,w|1,w|1,w|1,w|1,w|1,w|1,w|1,w|1,w|1,w|1,w|1,w|1,w|1,w|1,w|1,w|1,w|1,w|1,w|1,w|1,w|1,w|1,w|1,w|1,w|1,,,enemy|dinosaur,,,,,,backwall,backwall,backwall,backwall,backwall,backwall,backwall,backwall,backwall,backwall,backwall,backwall,backwall,backwall,backwall,w|1,w|1,w|1,w|1,w|1,w|1,w|1,w|1,w|1,w|1,w|1,w|1,,,,,,,,,,,,,,,,,,,,,,,,,,,,,,,,,,,,,,,,,,,,,,,,,,,,,,,,,,,,,,,,,,,,,,,,,,,,,,,,,,,,,,,,,,,,,,,,,,,,,,,,,,,,,,,,,,,,,,,,,,,,,,,,,,,,,,,,,,,,,,,,,,,,,,,,,,,,,,,,,,,,,,,,,,,,,,,,,,,,,,,,,,,,,,,w|1
w|1,w|1,w|1,w|1,w|1,w|1,w|1,w|1,w|1,w|1,w|1,w|1,w|1,w|1,w|1,w|1,w|1,w|1,w|1,w|1,w|1,w|1,w|1,w|1,w|1,w|1,w|1,w|1,w|1,w|1,w|1,w|1,w|1,w|1,w|1,w|1,w|1,w|1,w|1,w|1,backwall,backwall,backwall,backwall,backwall,backwall,w|1,w|1,w|1,w|1,w|1,w|1,w|1,w|1,w|1,w|1,w|1,w|1,,,backside|pointer2,,w|1,w|1,w|1,w|1,w|1,w|1,w|1,w|1,w|1,w|1,w|1,w|1,w|1,w|1,w|1,w|1,w|1,w|1,w|1,w|1,w|1,w|1,w|1,w|1,w|1,w|1,w|1,w|1,w|1,w|1,w|1,w|1,w|1,w|1,w|1,w|1,w|1,w|1,w|1,w|1,w|1,w|1,w|1,w|1,w|1,w|1,,,,,,,,,,,,,,,,,,,,,,,,w|1,backwall,backwall,backwall,backwall,backwall,w|1,w|1,w|1,w|1,w|1,w|1,w|1,w|1,w|1,w|1,w|1,w|1,w|1,w|1,w|1,w|1,w|1,w|1,w|1,w|1,w|1,w|1,w|1,w|1,w|1,w|1,w|1,w|1,w|1,w|1,w|1,w|1,w|1,w|1,w|1,w|1,w|1,w|1,w|1,w|1,w|1,w|1,w|1,w|1,w|1,w|1,w|1,w|1,w|1,w|1,w|1,w|1,w|1,w|1,w|1,w|1,w|1,w|1,w|1,w|1,w|1,w|1,w|1,w|1,w|1,w|1,w|1,w|1,w|1,w|1,w|1,w|1,w|1,w|1,,,,,,,,,,,,,,,,,,,,,,,,,,,,,,,,,,,,,,,,,,,,,,,,,,,,,,,,,,,,,,,,,,,,,,,,,,,,,,,,,,,,,,,,,,,,,,,,,,,,,,,,,,,,,,,,,,,,,,,,,,,,,,,,,,,,,,,,,,,,,,,,,,,,,,,,,,,,,,,,,,,,,,,,,,,,,,,,,,,,,,,,,,,,,,,w|1
w|1,w|1,w|1,w|1,w|1,w|1,w|1,w|1,w|1,w|1,w|1,w|1,w|1,w|1,w|1,w|1,w|1,w|1,w|1,w|1,w|1,w|1,w|1,w|1,w|1,w|1,w|1,w|1,w|1,w|1,w|1,w|1,w|1,w|1,w|1,w|1,w|1,w|1,w|1,w|1,w|1,w|1,w|1,w|1,w|1,w|1,w|1,w|1,w|1,w|1,w|1,w|1,w|1,w|1,w|1,w|1,w|1,w|1,w|1,w|1,w|1,w|1,w|1,w|1,w|1,w|1,w|1,w|1,w|1,w|1,w|1,w|1,w|1,w|1,w|1,w|1,w|1,w|1,w|1,w|1,w|1,w|1,w|1,w|1,w|1,w|1,w|1,w|1,w|1,w|1,w|1,w|1,w|1,w|1,w|1,w|1,w|1,w|1,w|1,w|1,w|1,w|1,w|1,w|1,w|1,w|1,w|1,w|1,w|1,,,,,,,,,,,,enemy|troll,,,,,,,,,,,backwall,backwall,backwall,backwall,w|1,w|1,w|1,w|1,w|1,w|1,w|1,w|1,w|1,w|1,w|1,w|1,w|1,w|1,w|1,w|1,w|1,w|1,w|1,w|1,w|1,w|1,w|1,w|1,w|1,w|1,w|1,w|1,w|1,w|1,w|1,w|1,w|1,w|1,w|1,w|1,w|1,w|1,w|1,w|1,w|1,w|1,w|1,w|1,w|1,w|1,w|1,w|1,w|1,w|1,w|1,w|1,w|1,w|1,w|1,w|1,w|1,w|1,w|1,w|1,w|1,w|1,w|1,w|1,w|1,w|1,w|1,w|1,w|1,w|1,w|1,w|1,w|1,w|1,w|1,w|1,,,,,,,,,,,,,,,,,,,,,,,,,,,,,,,,,,,,,,,,,,,,,,,,,,,,,,,,,,,,,,,,,,,,,,,,,,,,,,,,,,,,,,,,,,,,,,,,,,,,,,,,,,,,,,,,,,,,,,,,,,,,,,,,,,,,,,,,,,,,,,,,,,,,,,,,,,,,,,,,,,,,,,,,,,,,,,,,,,,,,,,,,,,,,,,w|1
w|1,w|1,w|1,w|1,w|1,w|1,w|1,w|1,w|1,w|1,w|1,w|1,w|1,w|1,w|1,w|1,w|1,w|1,w|1,w|1,w|1,w|1,w|1,w|1,w|1,w|1,w|1,w|1,w|1,w|1,w|1,w|1,w|1,w|1,w|1,w|1,w|1,w|1,w|1,w|1,w|1,w|1,w|1,w|1,w|1,w|1,w|1,w|1,w|1,w|1,w|1,w|1,w|1,w|1,w|1,w|1,w|1,w|1,w|1,w|1,w|1,w|1,w|1,w|1,w|1,w|1,w|1,w|1,w|1,w|1,w|1,w|1,w|1,w|1,w|1,w|1,w|1,w|1,w|1,w|1,w|1,w|1,w|1,w|1,w|1,w|1,w|1,w|1,w|1,w|1,w|1,w|1,w|1,w|1,w|1,w|1,w|1,w|1,w|1,w|1,w|1,w|1,w|1,w|1,w|1,w|1,w|1,w|1,w|1,backside|ridge3,,,,,enemy|dinosaur,,,backside|ridge1,,,,,,enemy|dinosaur,,enemy|dinosaur,,enemy|dinosaur,,enemy|dinosaur,,backwall,backwall,backwall,backwall,w|1,w|1,w|1,w|1,w|1,w|1,w|1,w|1,w|1,w|1,w|1,w|1,w|1,w|1,w|1,w|1,w|1,w|1,w|1,w|1,w|1,w|1,w|1,w|1,w|1,w|1,w|1,w|1,w|1,w|1,w|1,w|1,w|1,w|1,w|1,w|1,w|1,w|1,w|1,w|1,w|1,w|1,w|1,w|1,w|1,w|1,w|1,w|1,w|1,w|1,w|1,w|1,w|1,w|1,w|1,w|1,w|1,w|1,w|1,w|1,w|1,w|1,w|1,w|1,w|1,w|1,w|1,w|1,w|1,w|1,w|1,w|1,w|1,w|1,w|1,w|1,,,,,,,,,,,,,,,,,,,,,,,,,,,,,,,,,,,,,,,,,,,,,,,,,,,,,,,,,,,,,,,,,,,,,,,,,,,,,,,,,,,,,,,,,,,,,,,,,,,,,,,,,,,,,,,,,,,,,,,,,,,,,,,,,,,,,,,,,,,,,,,,,,,,,,,,,,,,,,,,,,,,,,,,,,,,,,,,,,,,,,,,,,,,,,,w|1
w|1,w|1,w|1,w|1,w|1,w|1,w|1,w|1,w|1,w|1,w|1,w|1,w|1,w|1,w|1,w|1,w|1,w|1,w|1,w|1,w|1,w|1,w|1,w|1,w|1,w|1,w|1,w|1,w|1,w|1,w|1,w|1,w|1,w|1,w|1,w|1,w|1,w|1,w|1,w|1,w|1,w|1,w|1,w|1,w|1,w|1,w|1,w|1,w|1,w|1,w|1,w|1,w|1,w|1,w|1,w|1,w|1,w|1,w|1,w|1,w|1,w|1,w|1,w|1,w|1,w|1,w|1,w|1,w|1,w|1,w|1,w|1,w|1,w|1,w|1,w|1,w|1,w|1,w|1,w|1,w|1,w|1,w|1,w|1,w|1,w|1,w|1,w|1,w|1,w|1,w|1,w|1,w|1,w|1,w|1,w|1,w|1,w|1,w|1,w|1,w|1,w|1,w|1,w|1,w|1,w|1,w|1,w|1,w|1,w|1,w|1,w|1,w|1,w|1,w|1,w|1,w|1,w|1,w|1,w|1,w|1,w|1,w|1,w|1,w|1,w|1,w|1,w|1,w|1,w|1,w|1,w|1,w|1,w|1,w|1,w|1,w|1,w|1,w|1,w|1,w|1,w|1,w|1,w|1,w|1,w|1,w|1,w|1,w|1,w|1,w|1,w|1,w|1,w|1,w|1,w|1,w|1,w|1,w|1,w|1,w|1,w|1,w|1,w|1,w|1,w|1,w|1,w|1,w|1,w|1,w|1,w|1,w|1,w|1,w|1,w|1,w|1,w|1,w|1,w|1,w|1,w|1,w|1,w|1,w|1,w|1,w|1,w|1,w|1,w|1,w|1,w|1,w|1,w|1,w|1,w|1,w|1,w|1,w|1,w|1,w|1,w|1,w|1,w|1,w|1,w|1,w|1,w|1,w|1,w|1,w|1,,,,,,,,,,,,,,,,,,,,,,,,,,,,,,,,,,,,,,,,,,,,,,,,,,,,,,,,,,,,,,,,,,,,,,,,,,,,,,,,,,,,,,,,,,,,,,,,,,,,,,,,,,,,,,,,,,,,,,,,,,,,,,,,,,,,,,,,,,,,,,,,,,,,,,,,,,,,,,,,,,,,,,,,,,,,,,,,,,,,,,,,,,,,,,,w|1
w|1,w|1,w|1,w|1,w|1,w|1,w|1,w|1,w|1,w|1,w|1,w|1,w|1,w|1,w|1,w|1,w|1,w|1,w|1,w|1,w|1,w|1,w|1,w|1,w|1,w|1,w|1,w|1,w|1,w|1,w|1,w|1,w|1,w|1,w|1,w|1,w|1,w|1,w|1,w|1,w|1,w|1,w|1,w|1,w|1,w|1,w|1,w|1,w|1,w|1,w|1,w|1,w|1,w|1,w|1,w|1,w|1,w|1,w|1,w|1,w|1,w|1,w|1,w|1,w|1,w|1,w|1,w|1,w|1,w|1,w|1,w|1,w|1,w|1,w|1,w|1,w|1,w|1,w|1,w|1,w|1,w|1,w|1,w|1,w|1,w|1,w|1,w|1,w|1,w|1,w|1,w|1,w|1,w|1,w|1,w|1,w|1,w|1,w|1,w|1,w|1,w|1,w|1,w|1,w|1,w|1,w|1,w|1,w|1,w|1,w|1,w|1,w|1,w|1,w|1,w|1,w|1,w|1,w|1,w|1,w|1,w|1,w|1,w|1,w|1,w|1,w|1,w|1,w|1,w|1,w|1,w|1,w|1,w|1,w|1,w|1,w|1,w|1,w|1,w|1,w|1,w|1,w|1,w|1,w|1,w|1,w|1,w|1,w|1,w|1,w|1,w|1,w|1,w|1,w|1,w|1,w|1,w|1,w|1,w|1,w|1,w|1,w|1,w|1,w|1,w|1,w|1,w|1,w|1,w|1,w|1,w|1,w|1,w|1,w|1,w|1,w|1,w|1,w|1,w|1,w|1,w|1,w|1,w|1,w|1,w|1,w|1,w|1,w|1,w|1,w|1,w|1,w|1,w|1,w|1,w|1,w|1,w|1,w|1,w|1,w|1,w|1,w|1,w|1,w|1,w|1,w|1,w|1,w|1,w|1,w|1,,,,,,,,,,,,,,,,,,,,,,,,,,,,,,,,,,,,,,,,,,,,,,,,,,,,,,,,,,,,,,,,,,,,,,,,,,,,,,,,,,,,,,,,,,,,,,,,,,,,,,,,,,,,,,,,,,,,,,,,,,,,,,,,,,,,,,,,,,,,,,,,,,,,,,,,,,,,,,,,,,,,,,,,,,,,,,,,,,,,,,,,,,,,,,,w|1
w|1,w|1,w|1,w|1,w|1,w|1,w|1,w|1,w|1,w|1,w|1,w|1,w|1,w|1,w|1,w|1,w|1,w|1,w|1,w|1,w|1,w|1,w|1,w|1,w|1,w|1,w|1,w|1,w|1,w|1,w|1,w|1,w|1,w|1,w|1,w|1,w|1,w|1,w|1,w|1,w|1,w|1,w|1,w|1,w|1,w|1,w|1,w|1,w|1,w|1,w|1,w|1,w|1,w|1,w|1,w|1,w|1,w|1,w|1,w|1,w|1,w|1,w|1,w|1,w|1,w|1,w|1,w|1,w|1,w|1,w|1,w|1,w|1,w|1,w|1,w|1,w|1,w|1,w|1,w|1,w|1,w|1,w|1,w|1,w|1,w|1,w|1,w|1,w|1,w|1,w|1,w|1,w|1,w|1,w|1,w|1,w|1,w|1,w|1,w|1,w|1,w|1,w|1,w|1,w|1,w|1,w|1,w|1,w|1,w|1,w|1,w|1,w|1,w|1,w|1,w|1,w|1,w|1,w|1,w|1,w|1,w|1,w|1,w|1,w|1,w|1,w|1,w|1,w|1,w|1,w|1,w|1,w|1,w|1,w|1,w|1,w|1,w|1,w|1,w|1,w|1,w|1,w|1,w|1,w|1,w|1,w|1,w|1,w|1,w|1,w|1,w|1,w|1,w|1,w|1,w|1,w|1,w|1,w|1,w|1,w|1,w|1,w|1,w|1,w|1,w|1,w|1,w|1,w|1,w|1,w|1,w|1,w|1,w|1,w|1,w|1,w|1,w|1,w|1,w|1,w|1,w|1,w|1,w|1,w|1,w|1,w|1,w|1,w|1,w|1,w|1,w|1,w|1,w|1,w|1,w|1,w|1,w|1,w|1,w|1,w|1,w|1,w|1,w|1,w|1,w|1,w|1,w|1,w|1,w|1,w|1,,,,,,,,,,,,,,,,,,,,,,,,,,,,,,,,,,,,,,,,,,,,,,,,,,,,,,,,,,,,,,,,,,,,,,,,,,,,,,,,,,,,,,,,,,,,,,,,,,,,,,,,,,,,,,,,,,,,,,,,,,,,,,,,,,,,,,,,,,,,,,,,,,,,,,,,,,,,,,,,,,,,,,,,,,,,,,,,,,,,,,,,,,,,,,,w|1
w|1,w|1,w|1,w|1,w|1,w|1,w|1,w|1,w|1,w|1,w|1,w|1,w|1,w|1,w|1,w|1,w|1,w|1,w|1,w|1,w|1,w|1,w|1,w|1,w|1,w|1,w|1,w|1,w|1,w|1,w|1,w|1,w|1,w|1,w|1,w|1,w|1,w|1,w|1,w|1,w|1,w|1,w|1,w|1,w|1,w|1,w|1,w|1,w|1,w|1,w|1,w|1,w|1,w|1,w|1,w|1,w|1,w|1,w|1,w|1,w|1,w|1,w|1,w|1,w|1,w|1,w|1,w|1,w|1,w|1,w|1,w|1,w|1,w|1,w|1,w|1,w|1,w|1,w|1,w|1,w|1,w|1,w|1,w|1,w|1,w|1,w|1,w|1,w|1,w|1,w|1,w|1,w|1,w|1,w|1,w|1,w|1,w|1,w|1,w|1,w|1,w|1,w|1,w|1,w|1,w|1,w|1,w|1,w|1,w|1,w|1,w|1,w|1,w|1,w|1,w|1,w|1,w|1,w|1,w|1,w|1,w|1,w|1,w|1,w|1,w|1,w|1,w|1,w|1,w|1,w|1,w|1,w|1,w|1,w|1,w|1,w|1,w|1,w|1,w|1,w|1,w|1,w|1,w|1,w|1,w|1,w|1,w|1,w|1,w|1,w|1,w|1,w|1,w|1,w|1,w|1,w|1,w|1,w|1,w|1,w|1,w|1,w|1,w|1,w|1,w|1,w|1,w|1,w|1,w|1,w|1,w|1,w|1,w|1,w|1,w|1,w|1,w|1,w|1,w|1,w|1,w|1,w|1,w|1,w|1,w|1,w|1,w|1,w|1,w|1,w|1,w|1,w|1,w|1,w|1,w|1,w|1,w|1,w|1,w|1,w|1,w|1,w|1,w|1,w|1,w|1,w|1,w|1,w|1,w|1,w|1,,,,,,,,,,,,,,,,,,,,,,,,,,,,,,,,,,,,,,,,,,,,,,,,,,,,,,,,,,,,,,,,,,,,,,,,,,,,,,,,,,,,,,,,,,,,,,,,,,,,,,,,,,,,,,,,,,,,,,,,,,,,,,,,,,,,,,,,,,,,,,,,,,,,,,,,,,,,,,,,,,,,,,,,,,,,,,,,,,,,,,,,,,,,,,,w|1
w|1,w|1,w|1,w|1,w|1,w|1,w|1,w|1,w|1,w|1,w|1,w|1,w|1,w|1,w|1,w|1,w|1,w|1,w|1,w|1,w|1,w|1,w|1,w|1,w|1,w|1,w|1,w|1,w|1,w|1,w|1,w|1,w|1,w|1,w|1,w|1,w|1,w|1,w|1,w|1,w|1,w|1,w|1,w|1,w|1,w|1,w|1,w|1,w|1,w|1,w|1,w|1,w|1,w|1,w|1,w|1,w|1,w|1,w|1,w|1,w|1,w|1,w|1,w|1,w|1,w|1,w|1,w|1,w|1,w|1,w|1,w|1,w|1,w|1,w|1,w|1,w|1,w|1,w|1,w|1,w|1,w|1,w|1,w|1,w|1,w|1,w|1,w|1,w|1,w|1,w|1,w|1,w|1,w|1,w|1,w|1,w|1,w|1,w|1,w|1,w|1,w|1,w|1,w|1,w|1,w|1,w|1,w|1,w|1,w|1,w|1,w|1,w|1,w|1,w|1,w|1,w|1,w|1,w|1,w|1,w|1,w|1,w|1,w|1,w|1,w|1,w|1,w|1,w|1,w|1,w|1,w|1,w|1,w|1,w|1,w|1,w|1,w|1,w|1,w|1,w|1,w|1,w|1,w|1,w|1,w|1,w|1,w|1,w|1,w|1,w|1,w|1,w|1,w|1,w|1,w|1,w|1,w|1,w|1,w|1,w|1,w|1,w|1,w|1,w|1,w|1,w|1,w|1,w|1,w|1,w|1,w|1,w|1,w|1,w|1,w|1,w|1,w|1,w|1,w|1,w|1,w|1,w|1,w|1,w|1,w|1,w|1,w|1,w|1,w|1,w|1,w|1,w|1,w|1,w|1,w|1,w|1,w|1,w|1,w|1,w|1,w|1,w|1,w|1,w|1,w|1,w|1,w|1,w|1,w|1,w|1,,,,,,,,,,,,,,,,,,,,,,,,,,,,,,,,,,,,,,,,,,,,,,,,,,,,,,,,,,,,,,,,,,,,,,,,,,,,,,,,,,,,,,,,,,,,,,,,,,,,,,,,,,,,,,,,,,,,,,,,,,,,,,,,,,,,,,,,,,,,,,,,,,,,,,,,,,,,,,,,,,,,,,,,,,,,,,,,,,,,,,,,,,,,,,,w|1
w|1,w|1,w|1,w|1,w|1,w|1,w|1,w|1,w|1,w|1,w|1,w|1,w|1,w|1,w|1,w|1,w|1,w|1,w|1,w|1,w|1,w|1,w|1,w|1,w|1,w|1,w|1,w|1,w|1,w|1,w|1,w|1,w|1,w|1,w|1,w|1,w|1,w|1,w|1,w|1,w|1,w|1,w|1,w|1,w|1,w|1,w|1,w|1,w|1,w|1,w|1,w|1,w|1,w|1,w|1,w|1,w|1,w|1,w|1,w|1,w|1,w|1,w|1,w|1,w|1,w|1,w|1,w|1,w|1,w|1,w|1,w|1,w|1,w|1,w|1,w|1,w|1,w|1,w|1,w|1,w|1,w|1,w|1,w|1,w|1,w|1,w|1,w|1,w|1,w|1,w|1,w|1,w|1,w|1,w|1,w|1,w|1,w|1,w|1,w|1,w|1,w|1,w|1,w|1,w|1,w|1,w|1,w|1,w|1,w|1,w|1,w|1,w|1,w|1,w|1,w|1,w|1,w|1,w|1,w|1,w|1,w|1,w|1,w|1,w|1,w|1,w|1,w|1,w|1,w|1,w|1,w|1,w|1,w|1,w|1,w|1,w|1,w|1,w|1,w|1,w|1,w|1,w|1,w|1,w|1,w|1,w|1,w|1,w|1,w|1,w|1,w|1,w|1,w|1,w|1,w|1,w|1,w|1,w|1,w|1,w|1,w|1,w|1,w|1,w|1,w|1,w|1,w|1,w|1,w|1,w|1,w|1,w|1,w|1,w|1,w|1,w|1,w|1,w|1,w|1,w|1,w|1,w|1,w|1,w|1,w|1,w|1,w|1,w|1,w|1,w|1,w|1,w|1,w|1,w|1,w|1,w|1,w|1,w|1,w|1,w|1,w|1,w|1,w|1,w|1,w|1,w|1,w|1,w|1,w|1,w|1,,,,,,,,,,,,,,,,,,,,,,,,,,,,,,,,,,,,,,,,,,,,,,,,,,,,,,,,,,,,,,,,,,,,,,,,,,,,,,,,,,,,,,,,,,,,,,,,,,,,,,,,,,,,,,,,,,,,,,,,,,,,,,,,,,,,,,,,,,,,,,,,,,,,,,,,,,,,,,,,,,,,,,,,,,,,,,,,,,,,,,,,,,,,,,,w|1
w|1,w|1,w|1,w|1,w|1,w|1,w|1,w|1,w|1,w|1,w|1,w|1,w|1,w|1,w|1,w|1,w|1,w|1,w|1,w|1,w|1,w|1,w|1,w|1,w|1,w|1,w|1,w|1,w|1,w|1,w|1,w|1,w|1,w|1,w|1,w|1,w|1,w|1,w|1,w|1,w|1,w|1,w|1,w|1,w|1,w|1,w|1,w|1,w|1,w|1,w|1,w|1,w|1,w|1,w|1,w|1,w|1,w|1,w|1,w|1,w|1,w|1,w|1,w|1,w|1,w|1,w|1,w|1,w|1,w|1,w|1,w|1,w|1,w|1,w|1,w|1,w|1,w|1,w|1,w|1,w|1,w|1,w|1,w|1,w|1,w|1,w|1,w|1,w|1,w|1,w|1,w|1,w|1,w|1,w|1,w|1,w|1,w|1,w|1,w|1,w|1,w|1,w|1,w|1,w|1,w|1,w|1,w|1,w|1,w|1,w|1,w|1,w|1,w|1,w|1,w|1,w|1,w|1,w|1,w|1,w|1,w|1,w|1,w|1,w|1,w|1,w|1,w|1,w|1,w|1,w|1,w|1,w|1,w|1,w|1,w|1,w|1,w|1,w|1,w|1,w|1,w|1,w|1,w|1,w|1,w|1,w|1,w|1,w|1,w|1,w|1,w|1,w|1,w|1,w|1,w|1,w|1,w|1,w|1,w|1,w|1,w|1,w|1,w|1,w|1,w|1,w|1,w|1,w|1,w|1,w|1,w|1,w|1,w|1,w|1,w|1,w|1,w|1,w|1,w|1,w|1,w|1,w|1,w|1,w|1,w|1,w|1,w|1,w|1,w|1,w|1,w|1,w|1,w|1,w|1,w|1,w|1,w|1,w|1,w|1,w|1,w|1,w|1,w|1,w|1,w|1,w|1,w|1,w|1,w|1,w|1,,,,,,,,,,,,,,,,,,,,,,,,,,,,,,,,,,,,,,,,,,,,,,,,,,,,,,,,,,,,,,,,,,,,,,,,,,,,,,,,,,,,,,,,,,,,,,,,,,,,,,,,,,,,,,,,,,,,,,,,,,,,,,,,,,,,,,,,,,,,,,,,,,,,,,,,,,,,,,,,,,,,,,,,,,,,,,,,,,,,,,,,,,,,,,,w|1
w|1,w|1,w|1,w|1,w|1,w|1,w|1,w|1,w|1,w|1,w|1,w|1,w|1,w|1,w|1,w|1,w|1,w|1,w|1,w|1,w|1,w|1,w|1,w|1,w|1,w|1,w|1,w|1,w|1,w|1,w|1,w|1,w|1,w|1,w|1,w|1,w|1,w|1,w|1,w|1,w|1,w|1,w|1,w|1,w|1,w|1,w|1,w|1,w|1,w|1,w|1,w|1,w|1,w|1,w|1,w|1,w|1,w|1,w|1,w|1,w|1,w|1,w|1,w|1,w|1,w|1,w|1,w|1,w|1,w|1,w|1,w|1,w|1,w|1,w|1,w|1,w|1,w|1,w|1,w|1,w|1,w|1,w|1,w|1,w|1,w|1,w|1,w|1,w|1,w|1,w|1,w|1,w|1,w|1,w|1,w|1,w|1,w|1,w|1,w|1,w|1,w|1,w|1,w|1,w|1,w|1,w|1,w|1,w|1,w|1,w|1,w|1,w|1,w|1,w|1,w|1,w|1,w|1,w|1,w|1,w|1,w|1,w|1,w|1,w|1,w|1,w|1,w|1,w|1,w|1,w|1,w|1,w|1,w|1,w|1,w|1,w|1,w|1,w|1,w|1,w|1,w|1,w|1,w|1,w|1,w|1,w|1,w|1,w|1,w|1,w|1,w|1,w|1,w|1,w|1,w|1,w|1,w|1,w|1,w|1,w|1,w|1,w|1,w|1,w|1,w|1,w|1,w|1,w|1,w|1,w|1,w|1,w|1,w|1,w|1,w|1,w|1,w|1,w|1,w|1,w|1,w|1,w|1,w|1,w|1,w|1,w|1,w|1,w|1,w|1,w|1,w|1,w|1,w|1,w|1,w|1,w|1,w|1,w|1,w|1,w|1,w|1,w|1,w|1,w|1,w|1,w|1,w|1,w|1,w|1,w|1,,,,,,,,,,,,,,,,,,,,,,,,,,,,,,,,,,,,,,,,,,,,,,,,,,,,,,,,,,,,,,,,,,,,,,,,,,,,,,,,,,,,,,,,,,,,,,,,,,,,,,,,,,,,,,,,,,,,,,,,,,,,,,,,,,,,,,,,,,,,,,,,,,,,,,,,,,,,,,,,,,,,,,,,,,,,,,,,,,,,,,,,,,,,,,,w|1
w|1,w|1,w|1,w|1,w|1,w|1,w|1,w|1,w|1,w|1,w|1,w|1,w|1,w|1,w|1,w|1,w|1,w|1,w|1,w|1,w|1,w|1,w|1,w|1,w|1,w|1,w|1,w|1,w|1,w|1,w|1,w|1,w|1,w|1,w|1,w|1,w|1,w|1,w|1,w|1,w|1,w|1,w|1,w|1,w|1,w|1,w|1,w|1,w|1,w|1,w|1,w|1,w|1,w|1,w|1,w|1,w|1,w|1,w|1,w|1,w|1,w|1,w|1,w|1,w|1,w|1,w|1,w|1,w|1,w|1,w|1,w|1,w|1,w|1,w|1,w|1,w|1,w|1,w|1,w|1,w|1,w|1,w|1,w|1,w|1,w|1,w|1,w|1,w|1,w|1,w|1,w|1,w|1,w|1,w|1,w|1,w|1,w|1,w|1,w|1,w|1,w|1,w|1,w|1,w|1,w|1,w|1,w|1,w|1,w|1,w|1,w|1,w|1,w|1,w|1,w|1,w|1,w|1,w|1,w|1,w|1,w|1,w|1,w|1,w|1,w|1,w|1,w|1,w|1,w|1,w|1,w|1,w|1,w|1,w|1,w|1,w|1,w|1,w|1,w|1,w|1,w|1,w|1,w|1,w|1,w|1,w|1,w|1,w|1,w|1,w|1,w|1,w|1,w|1,w|1,w|1,w|1,w|1,w|1,w|1,w|1,w|1,w|1,w|1,w|1,w|1,w|1,w|1,w|1,w|1,w|1,w|1,w|1,w|1,w|1,w|1,w|1,w|1,w|1,w|1,w|1,w|1,w|1,w|1,w|1,w|1,w|1,w|1,w|1,w|1,w|1,w|1,w|1,w|1,w|1,w|1,w|1,w|1,w|1,w|1,w|1,w|1,w|1,w|1,w|1,w|1,w|1,w|1,w|1,w|1,w|1,,,,,,,,,,,,,,,,,,,,,,,,,,,,,,,,,,,,,,,,,,,,,,,,,,,,,,,,,,,,,,,,,,,,,,,,,,,,,,,,,,,,,,,,,,,,,,,,,,,,,,,,,,,,,,,,,,,,,,,,,,,,,,,,,,,,,,,,,,,,,,,,,,,,,,,,,,,,,,,,,,,,,,,,,,,,,,,,,,,,,,,,,,,,,,,w|1
w|1,w|1,w|1,w|1,w|1,w|1,w|1,w|1,w|1,w|1,w|1,w|1,w|1,w|1,w|1,w|1,w|1,w|1,w|1,w|1,w|1,w|1,w|1,w|1,w|1,w|1,w|1,w|1,w|1,w|1,w|1,w|1,w|1,w|1,w|1,w|1,w|1,w|1,w|1,w|1,w|1,w|1,w|1,w|1,w|1,w|1,w|1,w|1,w|1,w|1,w|1,w|1,w|1,w|1,w|1,w|1,w|1,w|1,w|1,w|1,w|1,w|1,w|1,w|1,w|1,w|1,w|1,w|1,w|1,w|1,w|1,w|1,w|1,w|1,w|1,w|1,w|1,w|1,w|1,w|1,w|1,w|1,w|1,w|1,w|1,w|1,w|1,w|1,w|1,w|1,w|1,w|1,w|1,w|1,w|1,w|1,w|1,w|1,w|1,w|1,w|1,w|1,w|1,w|1,w|1,w|1,w|1,w|1,w|1,w|1,w|1,w|1,w|1,w|1,w|1,w|1,w|1,w|1,w|1,w|1,w|1,w|1,w|1,w|1,w|1,w|1,w|1,w|1,w|1,w|1,w|1,w|1,w|1,w|1,w|1,w|1,w|1,w|1,w|1,w|1,w|1,w|1,w|1,w|1,w|1,w|1,w|1,w|1,w|1,w|1,w|1,w|1,w|1,w|1,w|1,w|1,w|1,w|1,w|1,w|1,w|1,w|1,w|1,w|1,w|1,w|1,w|1,w|1,w|1,w|1,w|1,w|1,w|1,w|1,w|1,w|1,w|1,w|1,w|1,w|1,w|1,w|1,w|1,w|1,w|1,w|1,w|1,w|1,w|1,w|1,w|1,w|1,w|1,w|1,w|1,w|1,w|1,w|1,w|1,w|1,w|1,w|1,w|1,w|1,w|1,w|1,w|1,w|1,w|1,w|1,w|1,,,,,,,,,,,,,,,,,,,,,,,,,,,,,,,,,,,,,,,,,,,,,,,,,,,,,,,,,,,,,,,,,,,,,,,,,,,,,,,,,,,,,,,,,,,,,,,,,,,,,,,,,,,,,,,,,,,,,,,,,,,,,,,,,,,,,,,,,,,,,,,,,,,,,,,,,,,,,,,,,,,,,,,,,,,,,,,,,,,,,,,,,,,,,,,w|1
w|1,w|1,w|1,w|1,w|1,w|1,w|1,w|1,w|1,w|1,w|1,w|1,w|1,w|1,w|1,w|1,w|1,w|1,w|1,w|1,w|1,w|1,w|1,w|1,w|1,w|1,w|1,w|1,w|1,w|1,w|1,w|1,w|1,w|1,w|1,w|1,w|1,w|1,w|1,w|1,w|1,w|1,w|1,w|1,w|1,w|1,w|1,w|1,w|1,w|1,w|1,w|1,w|1,w|1,w|1,w|1,w|1,w|1,w|1,w|1,w|1,w|1,w|1,w|1,w|1,w|1,w|1,w|1,w|1,w|1,w|1,w|1,w|1,w|1,w|1,w|1,w|1,w|1,w|1,w|1,w|1,w|1,w|1,w|1,w|1,w|1,w|1,w|1,w|1,w|1,w|1,w|1,w|1,w|1,w|1,w|1,w|1,w|1,w|1,w|1,w|1,w|1,w|1,w|1,w|1,w|1,w|1,w|1,w|1,w|1,w|1,w|1,w|1,w|1,w|1,w|1,w|1,w|1,w|1,w|1,w|1,w|1,w|1,w|1,w|1,w|1,w|1,w|1,w|1,w|1,w|1,w|1,w|1,w|1,w|1,w|1,w|1,w|1,w|1,w|1,w|1,w|1,w|1,w|1,w|1,w|1,w|1,w|1,w|1,w|1,w|1,w|1,w|1,w|1,w|1,w|1,w|1,w|1,w|1,w|1,w|1,w|1,w|1,w|1,w|1,w|1,w|1,w|1,w|1,w|1,w|1,w|1,w|1,w|1,w|1,w|1,w|1,w|1,w|1,w|1,w|1,w|1,w|1,w|1,w|1,w|1,w|1,w|1,w|1,w|1,w|1,w|1,w|1,w|1,w|1,w|1,w|1,w|1,w|1,w|1,w|1,w|1,w|1,w|1,w|1,w|1,w|1,w|1,w|1,w|1,w|1,w|1,w|1,w|1,w|1,w|1,w|1,w|1,w|1,w|1,w|1,w|1,w|1,w|1,w|1,w|1,w|1,w|1,w|1,w|1,w|1,w|1,w|1,w|1,w|1,w|1,w|1,w|1,w|1,w|1,w|1,w|1,w|1,w|1,w|1,w|1,w|1,w|1,w|1,w|1,w|1,w|1,w|1,w|1,w|1,w|1,w|1,w|1,w|1,w|1,w|1,w|1,w|1,w|1,w|1,w|1,w|1,w|1,w|1,w|1,w|1,w|1,w|1,w|1,w|1,w|1,w|1,w|1,w|1,w|1,w|1,w|1,w|1,w|1,w|1,w|1,w|1,w|1,w|1,w|1,w|1,w|1,w|1,w|1,w|1,w|1,w|1,w|1,w|1,w|1,w|1,w|1,w|1,w|1,w|1,w|1,w|1,w|1,w|1,w|1,w|1,w|1,w|1,w|1,w|1,w|1,w|1,w|1,w|1,w|1,w|1,w|1,w|1,w|1,w|1,w|1,w|1,w|1,w|1,w|1,w|1,w|1,w|1,w|1,w|1,w|1,w|1,w|1,w|1,w|1,w|1,w|1,w|1,w|1,w|1,w|1,w|1,w|1,w|1,w|1,w|1,w|1,w|1,w|1,w|1,w|1,w|1,w|1,w|1,w|1,w|1,w|1,w|1,w|1,w|1,w|1,w|1,w|1,w|1,w|1,w|1,w|1,w|1,w|1,w|1,w|1,w|1,w|1,w|1,w|1,w|1,w|1,w|1,w|1,w|1,w|1,w|1,w|1,w|1,w|1,w|1,w|1,w|1,w|1,w|1,w|1,w|1,w|1,w|1,w|1,w|1,w|1